--Pessoas
INSERT INTO pessoas (pes_id,pes_prim_nome,pes_meio_nome,pes_ult_nome,pes_senha,pes_email) VALUES (1,'Fuller','Valenzuela','Salazar','congue a,','enim.Curabitur.massa@quispedeSuspendisse.com');
INSERT INTO pessoas (pes_id,pes_prim_nome,pes_meio_nome,pes_ult_nome,pes_senha,pes_email) VALUES (2,'Skyler','Dotson','Serrano','ac urna.','id.magna.et@Suspendisse.ca');
INSERT INTO pessoas (pes_id,pes_prim_nome,pes_meio_nome,pes_ult_nome,pes_senha,pes_email) VALUES (3,'Kaden','Barton','Trujillo','ornare','interdum.ligula@nectellus.edu');
INSERT INTO pessoas (pes_id,pes_prim_nome,pes_meio_nome,pes_ult_nome,pes_senha,pes_email) VALUES (4,'Lois','Lewis','Guy','vel nisl.','Quisque@hendrerit.org');
INSERT INTO pessoas (pes_id,pes_prim_nome,pes_meio_nome,pes_ult_nome,pes_senha,pes_email) VALUES (5,'Irene','Oneil','Everett','faucibus lectus,','in.molestie@Suspendissetristique.com');
INSERT INTO pessoas (pes_id,pes_prim_nome,pes_meio_nome,pes_ult_nome,pes_senha,pes_email) VALUES (6,'Randall','Bridges','Pearson','orci.','dui.Cras@Duis.net');
INSERT INTO pessoas (pes_id,pes_prim_nome,pes_meio_nome,pes_ult_nome,pes_senha,pes_email) VALUES (7,'Omar','Mcfarland','Steele','pede,','tortor.dictum.eu@dignissimpharetraNam.com');
INSERT INTO pessoas (pes_id,pes_prim_nome,pes_meio_nome,pes_ult_nome,pes_senha,pes_email) VALUES (8,'Galvin','Alston','Hodge','Duis','pede.ultrices@arcuMorbi.co.uk');
INSERT INTO pessoas (pes_id,pes_prim_nome,pes_meio_nome,pes_ult_nome,pes_senha,pes_email) VALUES (9,'Samson','Walker','Sutton','lacus.','sed.libero@cursusIntegermollis.edu');
INSERT INTO pessoas (pes_id,pes_prim_nome,pes_meio_nome,pes_ult_nome,pes_senha,pes_email) VALUES (10,'Evan','Davis','Maynard','et','leo.elementum@porttitorscelerisque.edu');
INSERT INTO pessoas (pes_id,pes_prim_nome,pes_meio_nome,pes_ult_nome,pes_senha,pes_email) VALUES (11,'Holmes','Singleton','Drake','nec,','tempor.arcu@sagittis.co.uk');
INSERT INTO pessoas (pes_id,pes_prim_nome,pes_meio_nome,pes_ult_nome,pes_senha,pes_email) VALUES (12,'Whilemina','Slater','Mathews','velit','in.magna.Phasellus@etmagna.org');
INSERT INTO pessoas (pes_id,pes_prim_nome,pes_meio_nome,pes_ult_nome,pes_senha,pes_email) VALUES (13,'Jordan','Craft','Cote','tempor, est','tellus@massaSuspendisseeleifend.edu');
INSERT INTO pessoas (pes_id,pes_prim_nome,pes_meio_nome,pes_ult_nome,pes_senha,pes_email) VALUES (14,'Devin','Figueroa','Hobbs','In condimentum.','fames@eros.net');
INSERT INTO pessoas (pes_id,pes_prim_nome,pes_meio_nome,pes_ult_nome,pes_senha,pes_email) VALUES (15,'Colton','Schmidt','Suarez','Nullam velit','mollis.non@anteNuncmauris.org');
INSERT INTO pessoas (pes_id,pes_prim_nome,pes_meio_nome,pes_ult_nome,pes_senha,pes_email) VALUES (16,'Theodore','Mclaughlin','Chase','nulla','ultrices@loremvehicula.ca');
INSERT INTO pessoas (pes_id,pes_prim_nome,pes_meio_nome,pes_ult_nome,pes_senha,pes_email) VALUES (17,'Murphy','Fitzpatrick','Guy','diam','aliquam.enim.nec@torquentperconubia.org');
INSERT INTO pessoas (pes_id,pes_prim_nome,pes_meio_nome,pes_ult_nome,pes_senha,pes_email) VALUES (18,'Kaseem','Dawson','Alexander','dui. Cras','lectus.Cum.sociis@erat.com');
INSERT INTO pessoas (pes_id,pes_prim_nome,pes_meio_nome,pes_ult_nome,pes_senha,pes_email) VALUES (19,'Madison','Hicks','White','et, rutrum','turpis.egestas@diamSeddiam.org');
INSERT INTO pessoas (pes_id,pes_prim_nome,pes_meio_nome,pes_ult_nome,pes_senha,pes_email) VALUES (20,'Kirestin','Olson','Scott','massa','est.congue@sed.co.uk');
INSERT INTO pessoas (pes_id,pes_prim_nome,pes_meio_nome,pes_ult_nome,pes_senha,pes_email) VALUES (21,'Lysandra','Dillard','Guerrero','Aenean','convallis@nisiMaurisnulla.co.uk');
INSERT INTO pessoas (pes_id,pes_prim_nome,pes_meio_nome,pes_ult_nome,pes_senha,pes_email) VALUES (22,'Myles','Carr','Barrett','orci.','egestas.nunc@egestas.com');
INSERT INTO pessoas (pes_id,pes_prim_nome,pes_meio_nome,pes_ult_nome,pes_senha,pes_email) VALUES (23,'Bert','Forbes','Norris','dignissim','accumsan@Nuncacsem.ca');
INSERT INTO pessoas (pes_id,pes_prim_nome,pes_meio_nome,pes_ult_nome,pes_senha,pes_email) VALUES (24,'Jarrod','Dorsey','Pace','enim mi','magna.et.ipsum@Pellentesquehabitant.ca');
INSERT INTO pessoas (pes_id,pes_prim_nome,pes_meio_nome,pes_ult_nome,pes_senha,pes_email) VALUES (25,'Philip','Barrera','Chan','pellentesque. Sed','ultrices.posuere.cubilia@Vivamusmolestiedapibus.net');
INSERT INTO pessoas (pes_id,pes_prim_nome,pes_meio_nome,pes_ult_nome,pes_senha,pes_email) VALUES (26,'Ila','Mcdonald','Welch','augue,','amet.luctus@infaucibusorci.ca');
INSERT INTO pessoas (pes_id,pes_prim_nome,pes_meio_nome,pes_ult_nome,pes_senha,pes_email) VALUES (27,'Carlos','Cameron','Nicholson','Aenean','tincidunt.neque.vitae@facilisis.co.uk');
INSERT INTO pessoas (pes_id,pes_prim_nome,pes_meio_nome,pes_ult_nome,pes_senha,pes_email) VALUES (28,'Reagan','Lester','Travis','lorem,','dolor@Cras.net');
INSERT INTO pessoas (pes_id,pes_prim_nome,pes_meio_nome,pes_ult_nome,pes_senha,pes_email) VALUES (29,'Deacon','Berry','Acosta','auctor','orci.Ut@atvelitPellentesque.edu');
INSERT INTO pessoas (pes_id,pes_prim_nome,pes_meio_nome,pes_ult_nome,pes_senha,pes_email) VALUES (30,'Lisandra','Horne','Bridges','augue scelerisque','mi.pede@odio.org');
INSERT INTO pessoas (pes_id,pes_prim_nome,pes_meio_nome,pes_ult_nome,pes_senha,pes_email) VALUES (31,'Blair','Fowler','Palmer','mauris','tincidunt.orci.quis@nislsem.edu');
INSERT INTO pessoas (pes_id,pes_prim_nome,pes_meio_nome,pes_ult_nome,pes_senha,pes_email) VALUES (32,'Macey','Briggs','Gill','rhoncus id,','nisl@ataugue.org');
INSERT INTO pessoas (pes_id,pes_prim_nome,pes_meio_nome,pes_ult_nome,pes_senha,pes_email) VALUES (33,'Susan','Rivera','Madden','dui. Fusce','purus@Morbinon.com');
INSERT INTO pessoas (pes_id,pes_prim_nome,pes_meio_nome,pes_ult_nome,pes_senha,pes_email) VALUES (34,'Dane','Dean','Santos','gravida','nisi@interdumlibero.co.uk');
INSERT INTO pessoas (pes_id,pes_prim_nome,pes_meio_nome,pes_ult_nome,pes_senha,pes_email) VALUES (35,'Guy','Chen','Molina','aliquet','amet.ante.Vivamus@lobortisquis.net');
INSERT INTO pessoas (pes_id,pes_prim_nome,pes_meio_nome,pes_ult_nome,pes_senha,pes_email) VALUES (36,'Armand','Reid','Chandler','Nunc','eu.nibh.vulputate@sociisnatoquepenatibus.co.uk');
INSERT INTO pessoas (pes_id,pes_prim_nome,pes_meio_nome,pes_ult_nome,pes_senha,pes_email) VALUES (37,'Lysandra','Herring','Alvarez','ullamcorper.','urna.justo@consequatenim.ca');
INSERT INTO pessoas (pes_id,pes_prim_nome,pes_meio_nome,pes_ult_nome,pes_senha,pes_email) VALUES (38,'Harrison','Rich','Odonnell','dictum','diam.Sed@Maecenas.edu');
INSERT INTO pessoas (pes_id,pes_prim_nome,pes_meio_nome,pes_ult_nome,pes_senha,pes_email) VALUES (39,'Georgia','Warren','Blevins','egestas.','Duis@NullamenimSed.com');
INSERT INTO pessoas (pes_id,pes_prim_nome,pes_meio_nome,pes_ult_nome,pes_senha,pes_email) VALUES (40,'Nicole','Gilliam','Bradford','Nunc','Etiam@maurisSuspendisse.com');
INSERT INTO pessoas (pes_id,pes_prim_nome,pes_meio_nome,pes_ult_nome,pes_senha,pes_email) VALUES (41,'Zeph','Bird','Joyce','dolor. Fusce','eu@sapiencursus.co.uk');
INSERT INTO pessoas (pes_id,pes_prim_nome,pes_meio_nome,pes_ult_nome,pes_senha,pes_email) VALUES (42,'Serena','Holland','Sheppard','nulla.','convallis@Nuncpulvinar.com');
INSERT INTO pessoas (pes_id,pes_prim_nome,pes_meio_nome,pes_ult_nome,pes_senha,pes_email) VALUES (43,'Salvador','Rose','Tyler','risus. Duis','nascetur.ridiculus@Inat.org');
INSERT INTO pessoas (pes_id,pes_prim_nome,pes_meio_nome,pes_ult_nome,pes_senha,pes_email) VALUES (44,'Moana','Blackburn','Goodman','aliquam','eget@Duisgravida.com');
INSERT INTO pessoas (pes_id,pes_prim_nome,pes_meio_nome,pes_ult_nome,pes_senha,pes_email) VALUES (45,'Nichole','Vinson','Stark','quis, tristique','metus.Aliquam.erat@liberoProin.net');
INSERT INTO pessoas (pes_id,pes_prim_nome,pes_meio_nome,pes_ult_nome,pes_senha,pes_email) VALUES (46,'Janna','Shepard','Diaz','justo sit','luctus.et.ultrices@iaculisneceleifend.edu');
INSERT INTO pessoas (pes_id,pes_prim_nome,pes_meio_nome,pes_ult_nome,pes_senha,pes_email) VALUES (47,'Regan','Preston','Finley','laoreet','nascetur.ridiculus@Integer.co.uk');
INSERT INTO pessoas (pes_id,pes_prim_nome,pes_meio_nome,pes_ult_nome,pes_senha,pes_email) VALUES (48,'Jordan','Erickson','Page','id','metus@liberoet.co.uk');
INSERT INTO pessoas (pes_id,pes_prim_nome,pes_meio_nome,pes_ult_nome,pes_senha,pes_email) VALUES (49,'Zenaida','Travis','Tyler','sit amet,','non.enim@ideratEtiam.co.uk');
INSERT INTO pessoas (pes_id,pes_prim_nome,pes_meio_nome,pes_ult_nome,pes_senha,pes_email) VALUES (50,'Avye','Vinson','George','Etiam','feugiat.tellus.lorem@idrisusquis.net');

-- Alunos
INSERT INTO alunos (aln_dt_nasc,aln_cidade,aln_estado,aln_pes_id) VALUES (TO_DATE('11/05/2003','mm/dd/yyyy'),'São José dos Pinhais','Paraná',1);
INSERT INTO alunos (aln_dt_nasc,aln_cidade,aln_estado,aln_pes_id) VALUES (TO_DATE('04/26/1929','mm/dd/yyyy'),'Itapipoca','CE',2);
INSERT INTO alunos (aln_dt_nasc,aln_cidade,aln_estado,aln_pes_id) VALUES (TO_DATE('08/08/1901','mm/dd/yyyy'),'Uberaba','MG',3);
INSERT INTO alunos (aln_dt_nasc,aln_cidade,aln_estado,aln_pes_id) VALUES (TO_DATE('06/11/1878','mm/dd/yyyy'),'Olinda','Pernambuco',4);
INSERT INTO alunos (aln_dt_nasc,aln_cidade,aln_estado,aln_pes_id) VALUES (TO_DATE('06/01/1978','mm/dd/yyyy'),'Belford Roxo','Rio de Janeiro',5);
INSERT INTO alunos (aln_dt_nasc,aln_cidade,aln_estado,aln_pes_id) VALUES (TO_DATE('05/23/1964','mm/dd/yyyy'),'Diadema','São Paulo',6);
INSERT INTO alunos (aln_dt_nasc,aln_cidade,aln_estado,aln_pes_id) VALUES (TO_DATE('02/16/1915','mm/dd/yyyy'),'Blumenau','SC',7);
INSERT INTO alunos (aln_dt_nasc,aln_cidade,aln_estado,aln_pes_id) VALUES (TO_DATE('10/18/1933','mm/dd/yyyy'),'Ponta Grossa','Paraná',8);
INSERT INTO alunos (aln_dt_nasc,aln_cidade,aln_estado,aln_pes_id) VALUES (TO_DATE('09/03/1883','mm/dd/yyyy'),'Sete Lagoas','MG',9);
INSERT INTO alunos (aln_dt_nasc,aln_cidade,aln_estado,aln_pes_id) VALUES (TO_DATE('01/10/1994','mm/dd/yyyy'),'Mogi das Cruzes','SP',10);
INSERT INTO alunos (aln_dt_nasc,aln_cidade,aln_estado,aln_pes_id) VALUES (TO_DATE('12/21/1940','mm/dd/yyyy'),'Ponta Grossa','PR',11);
INSERT INTO alunos (aln_dt_nasc,aln_cidade,aln_estado,aln_pes_id) VALUES (TO_DATE('06/14/1981','mm/dd/yyyy'),'Piracicaba','SP',12);
INSERT INTO alunos (aln_dt_nasc,aln_cidade,aln_estado,aln_pes_id) VALUES (TO_DATE('12/12/1910','mm/dd/yyyy'),'Caxias do Sul','RS',13);
INSERT INTO alunos (aln_dt_nasc,aln_cidade,aln_estado,aln_pes_id) VALUES (TO_DATE('01/30/1901','mm/dd/yyyy'),'Ribeirão Preto','SP',14);
INSERT INTO alunos (aln_dt_nasc,aln_cidade,aln_estado,aln_pes_id) VALUES (TO_DATE('06/28/1975','mm/dd/yyyy'),'Patos','Paraíba',15);
INSERT INTO alunos (aln_dt_nasc,aln_cidade,aln_estado,aln_pes_id) VALUES (TO_DATE('12/10/2005','mm/dd/yyyy'),'Osasco','SP',16);
INSERT INTO alunos (aln_dt_nasc,aln_cidade,aln_estado,aln_pes_id) VALUES (TO_DATE('11/30/1950','mm/dd/yyyy'),'Guarulhos','SP',17);

--Autores
INSERT INTO autores (aut_pes_id) VALUES (18);
INSERT INTO autores (aut_pes_id) VALUES (19);
INSERT INTO autores (aut_pes_id) VALUES (20);
INSERT INTO autores (aut_pes_id) VALUES (21);
INSERT INTO autores (aut_pes_id) VALUES (22);
INSERT INTO autores (aut_pes_id) VALUES (23);
INSERT INTO autores (aut_pes_id) VALUES (24);
INSERT INTO autores (aut_pes_id) VALUES (25);
INSERT INTO autores (aut_pes_id) VALUES (26);
INSERT INTO autores (aut_pes_id) VALUES (27);
INSERT INTO autores (aut_pes_id) VALUES (28);
INSERT INTO autores (aut_pes_id) VALUES (29);
INSERT INTO autores (aut_pes_id) VALUES (30);
INSERT INTO autores (aut_pes_id) VALUES (31);
INSERT INTO autores (aut_pes_id) VALUES (32);
INSERT INTO autores (aut_pes_id) VALUES (33);
INSERT INTO autores (aut_pes_id) VALUES (34);

--Colaboradores
INSERT INTO colaboradores (clb_pes_id) VALUES (35);
INSERT INTO colaboradores (clb_pes_id) VALUES (36);
INSERT INTO colaboradores (clb_pes_id) VALUES (37);
INSERT INTO colaboradores (clb_pes_id) VALUES (38);
INSERT INTO colaboradores (clb_pes_id) VALUES (39);
INSERT INTO colaboradores (clb_pes_id) VALUES (40);
INSERT INTO colaboradores (clb_pes_id) VALUES (41);
INSERT INTO colaboradores (clb_pes_id) VALUES (42);
INSERT INTO colaboradores (clb_pes_id) VALUES (43);
INSERT INTO colaboradores (clb_pes_id) VALUES (44);
INSERT INTO colaboradores (clb_pes_id) VALUES (45);
INSERT INTO colaboradores (clb_pes_id) VALUES (46);
INSERT INTO colaboradores (clb_pes_id) VALUES (47);
INSERT INTO colaboradores (clb_pes_id) VALUES (48);
INSERT INTO colaboradores (clb_pes_id) VALUES (49);
INSERT INTO colaboradores (clb_pes_id) VALUES (50);

--Categorias
INSERT INTO categorias (ctg_id,ctg_nome) VALUES (1,'dui. Suspendisse ac metus vitae velit egestas lacinia. Sed congue,');
INSERT INTO categorias (ctg_id,ctg_nome) VALUES (2,'justo. Praesent luctus. Curabitur egestas nunc sed libero. Proin sed');
INSERT INTO categorias (ctg_id,ctg_nome) VALUES (3,'mauris sapien, cursus in, hendrerit consectetuer, cursus et, magna. Praesent');
INSERT INTO categorias (ctg_id,ctg_nome) VALUES (4,'magna et ipsum cursus vestibulum. Mauris magna. Duis dignissim tempor');
INSERT INTO categorias (ctg_id,ctg_nome) VALUES (5,'non, luctus sit amet, faucibus ut, nulla. Cras eu tellus');
INSERT INTO categorias (ctg_id,ctg_nome) VALUES (6,'aliquet nec, imperdiet nec, leo. Morbi neque tellus, imperdiet non,');
INSERT INTO categorias (ctg_id,ctg_nome) VALUES (7,'Vivamus rhoncus. Donec est. Nunc ullamcorper, velit in aliquet lobortis,');
INSERT INTO categorias (ctg_id,ctg_nome) VALUES (8,'sagittis. Duis gravida. Praesent eu nulla at sem molestie sodales.');
INSERT INTO categorias (ctg_id,ctg_nome) VALUES (9,'Sed eu nibh vulputate mauris sagittis placerat. Cras dictum ultricies');
INSERT INTO categorias (ctg_id,ctg_nome) VALUES (10,'at lacus. Quisque purus sapien, gravida non, sollicitudin a, malesuada');
INSERT INTO categorias (ctg_id,ctg_nome) VALUES (11,'auctor. Mauris vel turpis. Aliquam adipiscing lobortis risus. In mi');
INSERT INTO categorias (ctg_id,ctg_nome) VALUES (12,'Integer mollis. Integer tincidunt aliquam arcu. Aliquam ultrices iaculis odio.');
INSERT INTO categorias (ctg_id,ctg_nome) VALUES (13,'lacus. Nulla tincidunt, neque vitae semper egestas, urna justo faucibus');
INSERT INTO categorias (ctg_id,ctg_nome) VALUES (14,'augue ac ipsum. Phasellus vitae mauris sit amet lorem semper');
INSERT INTO categorias (ctg_id,ctg_nome) VALUES (15,'mi pede, nonummy ut, molestie in, tempus eu, ligula. Aenean');
INSERT INTO categorias (ctg_id,ctg_nome) VALUES (16,'ipsum porta elit, a feugiat tellus lorem eu metus. In');
INSERT INTO categorias (ctg_id,ctg_nome) VALUES (17,'nisi. Aenean eget metus. In nec orci. Donec nibh. Quisque');
INSERT INTO categorias (ctg_id,ctg_nome) VALUES (18,'tortor. Integer aliquam adipiscing lacus. Ut nec urna et arcu');
INSERT INTO categorias (ctg_id,ctg_nome) VALUES (19,'dolor, nonummy ac, feugiat non, lobortis quis, pede. Suspendisse dui.');
INSERT INTO categorias (ctg_id,ctg_nome) VALUES (20,'commodo auctor velit. Aliquam nisl. Nulla eu neque pellentesque massa');
INSERT INTO categorias (ctg_id,ctg_nome) VALUES (21,'id ante dictum cursus. Nunc mauris elit, dictum eu, eleifend');
INSERT INTO categorias (ctg_id,ctg_nome) VALUES (22,'sed dui. Fusce aliquam, enim nec tempus scelerisque, lorem ipsum');
INSERT INTO categorias (ctg_id,ctg_nome) VALUES (23,'sem mollis dui, in sodales elit erat vitae risus. Duis');
INSERT INTO categorias (ctg_id,ctg_nome) VALUES (24,'mi tempor lorem, eget mollis lectus pede et risus. Quisque');
INSERT INTO categorias (ctg_id,ctg_nome) VALUES (25,'purus. Duis elementum, dui quis accumsan convallis, ante lectus convallis');
INSERT INTO categorias (ctg_id,ctg_nome) VALUES (26,'erat neque non quam. Pellentesque habitant morbi tristique senectus et');
INSERT INTO categorias (ctg_id,ctg_nome) VALUES (27,'ante. Nunc mauris sapien, cursus in, hendrerit consectetuer, cursus et,');
INSERT INTO categorias (ctg_id,ctg_nome) VALUES (28,'consectetuer adipiscing elit. Etiam laoreet, libero et tristique pellentesque, tellus');
INSERT INTO categorias (ctg_id,ctg_nome) VALUES (29,'tristique pellentesque, tellus sem mollis dui, in sodales elit erat');
INSERT INTO categorias (ctg_id,ctg_nome) VALUES (30,'non enim commodo hendrerit. Donec porttitor tellus non magna. Nam');
INSERT INTO categorias (ctg_id,ctg_nome) VALUES (31,'fermentum metus. Aenean sed pede nec ante blandit viverra. Donec');
INSERT INTO categorias (ctg_id,ctg_nome) VALUES (32,'est ac facilisis facilisis, magna tellus faucibus leo, in lobortis');
INSERT INTO categorias (ctg_id,ctg_nome) VALUES (33,'accumsan neque et nunc. Quisque ornare tortor at risus. Nunc');
INSERT INTO categorias (ctg_id,ctg_nome) VALUES (34,'tincidunt tempus risus. Donec egestas. Duis ac arcu. Nunc mauris.');
INSERT INTO categorias (ctg_id,ctg_nome) VALUES (35,'dolor dapibus gravida. Aliquam tincidunt, nunc ac mattis ornare, lectus');
INSERT INTO categorias (ctg_id,ctg_nome) VALUES (36,'euismod in, dolor. Fusce feugiat. Lorem ipsum dolor sit amet,');
INSERT INTO categorias (ctg_id,ctg_nome) VALUES (37,'egestas hendrerit neque. In ornare sagittis felis. Donec tempor, est');
INSERT INTO categorias (ctg_id,ctg_nome) VALUES (38,'commodo tincidunt nibh. Phasellus nulla. Integer vulputate, risus a ultricies');
INSERT INTO categorias (ctg_id,ctg_nome) VALUES (39,'dolor dapibus gravida. Aliquam tincidunt, nunc ac mattis ornare, lectus');
INSERT INTO categorias (ctg_id,ctg_nome) VALUES (40,'placerat eget, venenatis a, magna. Lorem ipsum dolor sit amet,');
INSERT INTO categorias (ctg_id,ctg_nome) VALUES (41,'odio. Nam interdum enim non nisi. Aenean eget metus. In');
INSERT INTO categorias (ctg_id,ctg_nome) VALUES (42,'pulvinar arcu et pede. Nunc sed orci lobortis augue scelerisque');
INSERT INTO categorias (ctg_id,ctg_nome) VALUES (43,'quam, elementum at, egestas a, scelerisque sed, sapien. Nunc pulvinar');
INSERT INTO categorias (ctg_id,ctg_nome) VALUES (44,'Curabitur ut odio vel est tempor bibendum. Donec felis orci,');
INSERT INTO categorias (ctg_id,ctg_nome) VALUES (45,'mattis. Cras eget nisi dictum augue malesuada malesuada. Integer id');
INSERT INTO categorias (ctg_id,ctg_nome) VALUES (46,'Sed molestie. Sed id risus quis diam luctus lobortis. Class');
INSERT INTO categorias (ctg_id,ctg_nome) VALUES (47,'a odio semper cursus. Integer mollis. Integer tincidunt aliquam arcu.');
INSERT INTO categorias (ctg_id,ctg_nome) VALUES (48,'dui. Fusce diam nunc, ullamcorper eu, euismod ac, fermentum vel,');
INSERT INTO categorias (ctg_id,ctg_nome) VALUES (49,'euismod enim. Etiam gravida molestie arcu. Sed eu nibh vulputate');
INSERT INTO categorias (ctg_id,ctg_nome) VALUES (50,'non sapien molestie orci tincidunt adipiscing. Mauris molestie pharetra nibh.');

--Cursos
INSERT INTO cursos (cur_id,cur_nome,cur_descricao,cur_preco,cur_link,cur_aut_pes_id,cur_ctg_id) VALUES (1,'Nam interdum enim non nisi. Aenean','ullamcorper viverra. Maecenas iaculis aliquet diam. Sed diam lorem, auctor',129,'molestie.',20,10);
INSERT INTO cursos (cur_id,cur_nome,cur_descricao,cur_preco,cur_link,cur_aut_pes_id,cur_ctg_id) VALUES (2,'sem eget massa. Suspendisse eleifend. Cras sed leo. Cras','eu dolor egestas rhoncus. Proin nisl sem, consequat nec,',105,'ridiculus',25,33);
INSERT INTO cursos (cur_id,cur_nome,cur_descricao,cur_preco,cur_link,cur_aut_pes_id,cur_ctg_id) VALUES (3,'mauris elit, dictum eu, eleifend nec, malesuada ut, sem.','quam a felis ullamcorper viverra. Maecenas iaculis',336,'arcu.',25,33);
INSERT INTO cursos (cur_id,cur_nome,cur_descricao,cur_preco,cur_link,cur_aut_pes_id,cur_ctg_id) VALUES (4,'nec urna suscipit nonummy. Fusce fermentum fermentum arcu.','lacus pede sagittis augue, eu tempor erat neque non quam.',93,'nisl',28,35);
INSERT INTO cursos (cur_id,cur_nome,cur_descricao,cur_preco,cur_link,cur_aut_pes_id,cur_ctg_id) VALUES (5,'malesuada ut, sem. Nulla','ante ipsum primis in faucibus orci luctus et ultrices posuere',78,'eu,',20,50);
INSERT INTO cursos (cur_id,cur_nome,cur_descricao,cur_preco,cur_link,cur_aut_pes_id,cur_ctg_id) VALUES (6,'semper auctor. Mauris vel turpis.','nulla magna, malesuada vel, convallis in, cursus et, eros.',91,'torquent',22,19);
INSERT INTO cursos (cur_id,cur_nome,cur_descricao,cur_preco,cur_link,cur_aut_pes_id,cur_ctg_id) VALUES (7,'Quisque nonummy ipsum non','auctor vitae, aliquet nec, imperdiet nec, leo.',436,'non,',23,9);
INSERT INTO cursos (cur_id,cur_nome,cur_descricao,cur_preco,cur_link,cur_aut_pes_id,cur_ctg_id) VALUES (8,'ut eros non enim commodo hendrerit. Donec porttitor tellus non','in, cursus et, eros. Proin ultrices.',288,'natoque',31,10);
INSERT INTO cursos (cur_id,cur_nome,cur_descricao,cur_preco,cur_link,cur_aut_pes_id,cur_ctg_id) VALUES (9,'Cras pellentesque. Sed dictum. Proin eget odio.','sed leo. Cras vehicula aliquet libero.',356,'magna.',30,21);
INSERT INTO cursos (cur_id,cur_nome,cur_descricao,cur_preco,cur_link,cur_aut_pes_id,cur_ctg_id) VALUES (10,'tincidunt nibh. Phasellus nulla. Integer vulputate, risus a','velit. Quisque varius. Nam porttitor scelerisque neque. Nullam nisl.',401,'tellus.',26,29);
INSERT INTO cursos (cur_id,cur_nome,cur_descricao,cur_preco,cur_link,cur_aut_pes_id,cur_ctg_id) VALUES (11,'magna nec quam.','est ac mattis semper, dui lectus rutrum urna, nec',200,'at,',28,36);
INSERT INTO cursos (cur_id,cur_nome,cur_descricao,cur_preco,cur_link,cur_aut_pes_id,cur_ctg_id) VALUES (12,'et ipsum cursus vestibulum. Mauris','et magnis dis parturient montes, nascetur ridiculus mus. Aenean eget',192,'mollis.',18,40);
INSERT INTO cursos (cur_id,cur_nome,cur_descricao,cur_preco,cur_link,cur_aut_pes_id,cur_ctg_id) VALUES (13,'nisl. Maecenas malesuada fringilla est. Mauris eu turpis. Nulla','semper. Nam tempor diam dictum sapien.',492,'nulla',20,39);
INSERT INTO cursos (cur_id,cur_nome,cur_descricao,cur_preco,cur_link,cur_aut_pes_id,cur_ctg_id) VALUES (14,'sodales. Mauris blandit','Integer tincidunt aliquam arcu. Aliquam ultrices iaculis',33,'Sed',34,17);
INSERT INTO cursos (cur_id,cur_nome,cur_descricao,cur_preco,cur_link,cur_aut_pes_id,cur_ctg_id) VALUES (15,'ligula. Nullam enim. Sed nulla ante, iaculis nec,','mi, ac mattis velit justo nec ante. Maecenas mi',37,'luctus,',22,33);
INSERT INTO cursos (cur_id,cur_nome,cur_descricao,cur_preco,cur_link,cur_aut_pes_id,cur_ctg_id) VALUES (16,'non nisi. Aenean eget metus. In nec orci.','sit amet, risus. Donec nibh enim,',185,'mattis.',27,10);
INSERT INTO cursos (cur_id,cur_nome,cur_descricao,cur_preco,cur_link,cur_aut_pes_id,cur_ctg_id) VALUES (17,'turpis vitae purus gravida sagittis. Duis','mattis velit justo nec ante. Maecenas mi felis,',185,'Nullam',18,4);
INSERT INTO cursos (cur_id,cur_nome,cur_descricao,cur_preco,cur_link,cur_aut_pes_id,cur_ctg_id) VALUES (18,'nec urna et arcu imperdiet ullamcorper.','et, rutrum eu, ultrices sit amet,',187,'lacus.',19,42);
INSERT INTO cursos (cur_id,cur_nome,cur_descricao,cur_preco,cur_link,cur_aut_pes_id,cur_ctg_id) VALUES (19,'hendrerit consectetuer, cursus et, magna. Praesent','vitae semper egestas, urna justo faucibus lectus, a sollicitudin orci',261,'luctus',18,42);
INSERT INTO cursos (cur_id,cur_nome,cur_descricao,cur_preco,cur_link,cur_aut_pes_id,cur_ctg_id) VALUES (20,'Nullam ut nisi a odio semper','eu turpis. Nulla aliquet. Proin',478,'Mauris',34,36);
INSERT INTO cursos (cur_id,cur_nome,cur_descricao,cur_preco,cur_link,cur_aut_pes_id,cur_ctg_id) VALUES (21,'tincidunt, nunc ac mattis ornare, lectus ante dictum','leo, in lobortis tellus justo sit',316,'Nulla',32,23);
INSERT INTO cursos (cur_id,cur_nome,cur_descricao,cur_preco,cur_link,cur_aut_pes_id,cur_ctg_id) VALUES (22,'augue eu tellus. Phasellus elit pede, malesuada vel, venenatis vel,','congue. In scelerisque scelerisque dui.',179,'id',26,2);
INSERT INTO cursos (cur_id,cur_nome,cur_descricao,cur_preco,cur_link,cur_aut_pes_id,cur_ctg_id) VALUES (23,'Aliquam ornare, libero at auctor ullamcorper, nisl arcu','vitae velit egestas lacinia. Sed congue, elit sed consequat',403,'lacinia',34,22);
INSERT INTO cursos (cur_id,cur_nome,cur_descricao,cur_preco,cur_link,cur_aut_pes_id,cur_ctg_id) VALUES (24,'ornare, facilisis eget, ipsum. Donec sollicitudin adipiscing ligula. Aenean','Mauris magna. Duis dignissim tempor arcu. Vestibulum ut eros',356,'venenatis',20,16);
INSERT INTO cursos (cur_id,cur_nome,cur_descricao,cur_preco,cur_link,cur_aut_pes_id,cur_ctg_id) VALUES (25,'Proin mi. Aliquam gravida mauris ut mi. Duis','nec, cursus a, enim. Suspendisse aliquet, sem',429,'dolor',27,49);
INSERT INTO cursos (cur_id,cur_nome,cur_descricao,cur_preco,cur_link,cur_aut_pes_id,cur_ctg_id) VALUES (26,'quis arcu vel','molestie pharetra nibh. Aliquam ornare, libero at auctor ullamcorper, nisl',339,'interdum.',20,27);
INSERT INTO cursos (cur_id,cur_nome,cur_descricao,cur_preco,cur_link,cur_aut_pes_id,cur_ctg_id) VALUES (27,'Integer aliquam adipiscing lacus. Ut nec urna et','neque sed sem egestas blandit. Nam',88,'luctus.',28,19);
INSERT INTO cursos (cur_id,cur_nome,cur_descricao,cur_preco,cur_link,cur_aut_pes_id,cur_ctg_id) VALUES (28,'tortor, dictum eu, placerat eget, venenatis a,','conubia nostra, per inceptos hymenaeos. Mauris ut quam vel sapien',222,'amet',26,13);
INSERT INTO cursos (cur_id,cur_nome,cur_descricao,cur_preco,cur_link,cur_aut_pes_id,cur_ctg_id) VALUES (29,'non, hendrerit id, ante.','nec enim. Nunc ut erat.',197,'vel',29,24);
INSERT INTO cursos (cur_id,cur_nome,cur_descricao,cur_preco,cur_link,cur_aut_pes_id,cur_ctg_id) VALUES (30,'eget, dictum placerat, augue. Sed molestie. Sed id risus','parturient montes, nascetur ridiculus mus. Proin',389,'libero',32,6);
INSERT INTO cursos (cur_id,cur_nome,cur_descricao,cur_preco,cur_link,cur_aut_pes_id,cur_ctg_id) VALUES (31,'enim nisl elementum','auctor vitae, aliquet nec, imperdiet nec, leo. Morbi neque',401,'aliquam',28,34);
INSERT INTO cursos (cur_id,cur_nome,cur_descricao,cur_preco,cur_link,cur_aut_pes_id,cur_ctg_id) VALUES (32,'Suspendisse sagittis. Nullam vitae diam.','aliquam adipiscing lacus. Ut nec urna et',334,'ullamcorper,',32,45);
INSERT INTO cursos (cur_id,cur_nome,cur_descricao,cur_preco,cur_link,cur_aut_pes_id,cur_ctg_id) VALUES (33,'a neque. Nullam ut nisi a odio','augue. Sed molestie. Sed id risus quis diam',44,'odio',32,23);
INSERT INTO cursos (cur_id,cur_nome,cur_descricao,cur_preco,cur_link,cur_aut_pes_id,cur_ctg_id) VALUES (34,'eu dui. Cum','Nam ac nulla. In tincidunt congue turpis.',43,'orci',24,25);
INSERT INTO cursos (cur_id,cur_nome,cur_descricao,cur_preco,cur_link,cur_aut_pes_id,cur_ctg_id) VALUES (35,'ipsum. Suspendisse sagittis. Nullam vitae diam. Proin dolor.','tristique senectus et netus et malesuada fames ac turpis',277,'erat',31,31);
INSERT INTO cursos (cur_id,cur_nome,cur_descricao,cur_preco,cur_link,cur_aut_pes_id,cur_ctg_id) VALUES (36,'Vivamus nibh dolor, nonummy ac, feugiat non,','magna. Praesent interdum ligula eu enim. Etiam',128,'hendrerit',33,49);
INSERT INTO cursos (cur_id,cur_nome,cur_descricao,cur_preco,cur_link,cur_aut_pes_id,cur_ctg_id) VALUES (37,'Donec tincidunt. Donec','lorem semper auctor. Mauris vel turpis.',403,'purus',34,20);
INSERT INTO cursos (cur_id,cur_nome,cur_descricao,cur_preco,cur_link,cur_aut_pes_id,cur_ctg_id) VALUES (38,'feugiat non, lobortis quis, pede. Suspendisse dui.','mollis. Integer tincidunt aliquam arcu.',224,'sapien,',23,21);
INSERT INTO cursos (cur_id,cur_nome,cur_descricao,cur_preco,cur_link,cur_aut_pes_id,cur_ctg_id) VALUES (39,'pellentesque, tellus sem mollis dui,','et magnis dis parturient montes, nascetur ridiculus',347,'ante,',26,36);
INSERT INTO cursos (cur_id,cur_nome,cur_descricao,cur_preco,cur_link,cur_aut_pes_id,cur_ctg_id) VALUES (40,'turpis. In condimentum. Donec at arcu. Vestibulum ante ipsum primis','ut lacus. Nulla tincidunt, neque vitae semper egestas, urna',354,'eu,',21,35);
INSERT INTO cursos (cur_id,cur_nome,cur_descricao,cur_preco,cur_link,cur_aut_pes_id,cur_ctg_id) VALUES (41,'dapibus id, blandit at, nisi. Cum sociis natoque penatibus et','libero est, congue a, aliquet vel, vulputate eu,',248,'at,',20,29);
INSERT INTO cursos (cur_id,cur_nome,cur_descricao,cur_preco,cur_link,cur_aut_pes_id,cur_ctg_id) VALUES (42,'eros. Proin ultrices. Duis volutpat nunc sit','ac mi eleifend egestas. Sed pharetra, felis',316,'in',19,20);
INSERT INTO cursos (cur_id,cur_nome,cur_descricao,cur_preco,cur_link,cur_aut_pes_id,cur_ctg_id) VALUES (43,'fringilla est. Mauris','lorem lorem, luctus ut, pellentesque eget, dictum',254,'sem',18,31);
INSERT INTO cursos (cur_id,cur_nome,cur_descricao,cur_preco,cur_link,cur_aut_pes_id,cur_ctg_id) VALUES (44,'vitae, aliquet nec, imperdiet nec, leo.','et magnis dis parturient montes, nascetur ridiculus mus. Donec dignissim',24,'tempus',26,47);
INSERT INTO cursos (cur_id,cur_nome,cur_descricao,cur_preco,cur_link,cur_aut_pes_id,cur_ctg_id) VALUES (45,'tellus lorem eu metus. In lorem. Donec elementum,','arcu eu odio tristique pharetra.',161,'magna',26,20);
INSERT INTO cursos (cur_id,cur_nome,cur_descricao,cur_preco,cur_link,cur_aut_pes_id,cur_ctg_id) VALUES (46,'non enim commodo hendrerit. Donec porttitor tellus non magna. Nam','egestas blandit. Nam nulla magna,',135,'nibh.',34,36);
INSERT INTO cursos (cur_id,cur_nome,cur_descricao,cur_preco,cur_link,cur_aut_pes_id,cur_ctg_id) VALUES (47,'Curae; Donec tincidunt. Donec vitae erat','faucibus ut, nulla. Cras eu tellus eu',78,'elementum',33,28);
INSERT INTO cursos (cur_id,cur_nome,cur_descricao,cur_preco,cur_link,cur_aut_pes_id,cur_ctg_id) VALUES (48,'blandit at, nisi. Cum sociis natoque','sed sem egestas blandit. Nam nulla magna, malesuada vel, convallis',382,'Donec',30,2);
INSERT INTO cursos (cur_id,cur_nome,cur_descricao,cur_preco,cur_link,cur_aut_pes_id,cur_ctg_id) VALUES (49,'lorem, luctus ut, pellentesque eget, dictum placerat,','dictum cursus. Nunc mauris elit,',79,'dapibus',25,36);
INSERT INTO cursos (cur_id,cur_nome,cur_descricao,cur_preco,cur_link,cur_aut_pes_id,cur_ctg_id) VALUES (50,'non sapien molestie orci tincidunt adipiscing. Mauris molestie pharetra','fringilla ornare placerat, orci lacus vestibulum',276,'sit',24,33);

--COMPRAS_CURSOS
INSERT INTO COMPRAS_CURSOS (com_cur_id,com_dt_fim_acesso,com_dt_inicio_acesso,com_nota_teste,com_pag_realizado,com_aln_pes_id) VALUES (41,TO_DATE('10/15/2020','mm/dd/yyyy'),TO_DATE('05/05/2021','mm/dd/yy'),5,'T',16);
INSERT INTO COMPRAS_CURSOS (com_cur_id,com_dt_fim_acesso,com_dt_inicio_acesso,com_nota_teste,com_pag_realizado,com_aln_pes_id) VALUES (27,TO_DATE('12/26/2020','mm/dd/yyyy'),TO_DATE('01/02/2022','mm/dd/yy'),10,'F',13);
INSERT INTO COMPRAS_CURSOS (com_cur_id,com_dt_fim_acesso,com_dt_inicio_acesso,com_nota_teste,com_pag_realizado,com_aln_pes_id) VALUES (33,TO_DATE('05/01/2020','mm/dd/yyyy'),TO_DATE('08/02/2021','mm/dd/yy'),5,'T',4);
INSERT INTO COMPRAS_CURSOS (com_cur_id,com_dt_fim_acesso,com_dt_inicio_acesso,com_nota_teste,com_pag_realizado,com_aln_pes_id) VALUES (3,TO_DATE('09/07/2020','mm/dd/yyyy'),TO_DATE('11/11/2021','mm/dd/yy'),3,'F',4);
INSERT INTO COMPRAS_CURSOS (com_cur_id,com_dt_fim_acesso,com_dt_inicio_acesso,com_nota_teste,com_pag_realizado,com_aln_pes_id) VALUES (29,TO_DATE('11/06/2020','mm/dd/yyyy'),TO_DATE('08/09/2021','mm/dd/yy'),0,'T',4);
INSERT INTO COMPRAS_CURSOS (com_cur_id,com_dt_fim_acesso,com_dt_inicio_acesso,com_nota_teste,com_pag_realizado,com_aln_pes_id) VALUES (46,TO_DATE('05/25/2020','mm/dd/yyyy'),TO_DATE('11/01/2021','mm/dd/yy'),6,'F',10);
INSERT INTO COMPRAS_CURSOS (com_cur_id,com_dt_fim_acesso,com_dt_inicio_acesso,com_nota_teste,com_pag_realizado,com_aln_pes_id) VALUES (30,TO_DATE('12/22/2020','mm/dd/yyyy'),TO_DATE('12/02/2021','mm/dd/yy'),4,'F',8);
INSERT INTO COMPRAS_CURSOS (com_cur_id,com_dt_fim_acesso,com_dt_inicio_acesso,com_nota_teste,com_pag_realizado,com_aln_pes_id) VALUES (26,TO_DATE('06/30/2020','mm/dd/yyyy'),TO_DATE('06/07/2021','mm/dd/yy'),2,'F',13);
INSERT INTO COMPRAS_CURSOS (com_cur_id,com_dt_fim_acesso,com_dt_inicio_acesso,com_nota_teste,com_pag_realizado,com_aln_pes_id) VALUES (42,TO_DATE('08/17/2020','mm/dd/yyyy'),TO_DATE('02/17/2022','mm/dd/yy'),7,'T',9);
INSERT INTO COMPRAS_CURSOS (com_cur_id,com_dt_fim_acesso,com_dt_inicio_acesso,com_nota_teste,com_pag_realizado,com_aln_pes_id) VALUES (8,TO_DATE('06/11/2020','mm/dd/yyyy'),TO_DATE('06/16/2021','mm/dd/yy'),10,'T',2);
INSERT INTO COMPRAS_CURSOS (com_cur_id,com_dt_fim_acesso,com_dt_inicio_acesso,com_nota_teste,com_pag_realizado,com_aln_pes_id) VALUES (1,TO_DATE('08/14/2020','mm/dd/yyyy'),TO_DATE('06/23/2021','mm/dd/yy'),1,'F',2);
INSERT INTO COMPRAS_CURSOS (com_cur_id,com_dt_fim_acesso,com_dt_inicio_acesso,com_nota_teste,com_pag_realizado,com_aln_pes_id) VALUES (43,TO_DATE('10/14/2020','mm/dd/yyyy'),TO_DATE('05/11/2021','mm/dd/yy'),9,'T',15);
INSERT INTO COMPRAS_CURSOS (com_cur_id,com_dt_fim_acesso,com_dt_inicio_acesso,com_nota_teste,com_pag_realizado,com_aln_pes_id) VALUES (23,TO_DATE('07/30/2020','mm/dd/yyyy'),TO_DATE('02/25/2021','mm/dd/yy'),3,'T',12);
INSERT INTO COMPRAS_CURSOS (com_cur_id,com_dt_fim_acesso,com_dt_inicio_acesso,com_nota_teste,com_pag_realizado,com_aln_pes_id) VALUES (14,TO_DATE('06/19/2020','mm/dd/yyyy'),TO_DATE('10/05/2021','mm/dd/yy'),8,'F',3);
INSERT INTO COMPRAS_CURSOS (com_cur_id,com_dt_fim_acesso,com_dt_inicio_acesso,com_nota_teste,com_pag_realizado,com_aln_pes_id) VALUES (9,TO_DATE('05/16/2020','mm/dd/yyyy'),TO_DATE('12/17/2021','mm/dd/yy'),9,'F',17);
INSERT INTO COMPRAS_CURSOS (com_cur_id,com_dt_fim_acesso,com_dt_inicio_acesso,com_nota_teste,com_pag_realizado,com_aln_pes_id) VALUES (4,TO_DATE('12/03/2020','mm/dd/yyyy'),TO_DATE('02/06/2021','mm/dd/yy'),0,'T',6);
INSERT INTO COMPRAS_CURSOS (com_cur_id,com_dt_fim_acesso,com_dt_inicio_acesso,com_nota_teste,com_pag_realizado,com_aln_pes_id) VALUES (31,TO_DATE('09/15/2020','mm/dd/yyyy'),TO_DATE('06/27/2021','mm/dd/yy'),3,'T',8);
INSERT INTO COMPRAS_CURSOS (com_cur_id,com_dt_fim_acesso,com_dt_inicio_acesso,com_nota_teste,com_pag_realizado,com_aln_pes_id) VALUES (48,TO_DATE('04/20/2020','mm/dd/yyyy'),TO_DATE('06/29/2021','mm/dd/yy'),1,'T',12);
INSERT INTO COMPRAS_CURSOS (com_cur_id,com_dt_fim_acesso,com_dt_inicio_acesso,com_nota_teste,com_pag_realizado,com_aln_pes_id) VALUES (27,TO_DATE('03/27/2020','mm/dd/yyyy'),TO_DATE('11/05/2021','mm/dd/yy'),4,'T',10);
INSERT INTO COMPRAS_CURSOS (com_cur_id,com_dt_fim_acesso,com_dt_inicio_acesso,com_nota_teste,com_pag_realizado,com_aln_pes_id) VALUES (23,TO_DATE('09/01/2020','mm/dd/yyyy'),TO_DATE('09/17/2021','mm/dd/yy'),5,'F',13);
INSERT INTO COMPRAS_CURSOS (com_cur_id,com_dt_fim_acesso,com_dt_inicio_acesso,com_nota_teste,com_pag_realizado,com_aln_pes_id) VALUES (27,TO_DATE('10/31/2020','mm/dd/yyyy'),TO_DATE('01/13/2022','mm/dd/yy'),9,'T',8);
INSERT INTO COMPRAS_CURSOS (com_cur_id,com_dt_fim_acesso,com_dt_inicio_acesso,com_nota_teste,com_pag_realizado,com_aln_pes_id) VALUES (44,TO_DATE('10/17/2020','mm/dd/yyyy'),TO_DATE('12/05/2021','mm/dd/yy'),7,'T',11);
INSERT INTO COMPRAS_CURSOS (com_cur_id,com_dt_fim_acesso,com_dt_inicio_acesso,com_nota_teste,com_pag_realizado,com_aln_pes_id) VALUES (50,TO_DATE('06/03/2020','mm/dd/yyyy'),TO_DATE('06/17/2021','mm/dd/yy'),2,'T',17);
INSERT INTO COMPRAS_CURSOS (com_cur_id,com_dt_fim_acesso,com_dt_inicio_acesso,com_nota_teste,com_pag_realizado,com_aln_pes_id) VALUES (20,TO_DATE('11/21/2020','mm/dd/yyyy'),TO_DATE('06/20/2021','mm/dd/yy'),9,'T',17);
INSERT INTO COMPRAS_CURSOS (com_cur_id,com_dt_fim_acesso,com_dt_inicio_acesso,com_nota_teste,com_pag_realizado,com_aln_pes_id) VALUES (4,TO_DATE('05/18/2020','mm/dd/yyyy'),TO_DATE('01/16/2022','mm/dd/yy'),10,'F',7);
INSERT INTO COMPRAS_CURSOS (com_cur_id,com_dt_fim_acesso,com_dt_inicio_acesso,com_nota_teste,com_pag_realizado,com_aln_pes_id) VALUES (9,TO_DATE('04/24/2020','mm/dd/yyyy'),TO_DATE('01/26/2022','mm/dd/yy'),0,'F',2);
INSERT INTO COMPRAS_CURSOS (com_cur_id,com_dt_fim_acesso,com_dt_inicio_acesso,com_nota_teste,com_pag_realizado,com_aln_pes_id) VALUES (43,TO_DATE('06/18/2020','mm/dd/yyyy'),TO_DATE('08/08/2021','mm/dd/yy'),10,'T',4);
INSERT INTO COMPRAS_CURSOS (com_cur_id,com_dt_fim_acesso,com_dt_inicio_acesso,com_nota_teste,com_pag_realizado,com_aln_pes_id) VALUES (33,TO_DATE('07/02/2020','mm/dd/yyyy'),TO_DATE('01/24/2022','mm/dd/yy'),2,'T',3);
INSERT INTO COMPRAS_CURSOS (com_cur_id,com_dt_fim_acesso,com_dt_inicio_acesso,com_nota_teste,com_pag_realizado,com_aln_pes_id) VALUES (2,TO_DATE('12/08/2020','mm/dd/yyyy'),TO_DATE('12/24/2021','mm/dd/yy'),6,'T',12);
INSERT INTO COMPRAS_CURSOS (com_cur_id,com_dt_fim_acesso,com_dt_inicio_acesso,com_nota_teste,com_pag_realizado,com_aln_pes_id) VALUES (20,TO_DATE('12/14/2020','mm/dd/yyyy'),TO_DATE('04/19/2021','mm/dd/yy'),0,'F',1);
INSERT INTO COMPRAS_CURSOS (com_cur_id,com_dt_fim_acesso,com_dt_inicio_acesso,com_nota_teste,com_pag_realizado,com_aln_pes_id) VALUES (7,TO_DATE('05/29/2020','mm/dd/yyyy'),TO_DATE('12/08/2021','mm/dd/yy'),5,'T',4);
INSERT INTO COMPRAS_CURSOS (com_cur_id,com_dt_fim_acesso,com_dt_inicio_acesso,com_nota_teste,com_pag_realizado,com_aln_pes_id) VALUES (37,TO_DATE('10/03/2020','mm/dd/yyyy'),TO_DATE('04/08/2021','mm/dd/yy'),10,'F',2);
INSERT INTO COMPRAS_CURSOS (com_cur_id,com_dt_fim_acesso,com_dt_inicio_acesso,com_nota_teste,com_pag_realizado,com_aln_pes_id) VALUES (17,TO_DATE('12/12/2020','mm/dd/yyyy'),TO_DATE('12/18/2021','mm/dd/yy'),6,'T',15);
INSERT INTO COMPRAS_CURSOS (com_cur_id,com_dt_fim_acesso,com_dt_inicio_acesso,com_nota_teste,com_pag_realizado,com_aln_pes_id) VALUES (5,TO_DATE('10/03/2020','mm/dd/yyyy'),TO_DATE('08/17/2021','mm/dd/yy'),10,'T',2);
INSERT INTO COMPRAS_CURSOS (com_cur_id,com_dt_fim_acesso,com_dt_inicio_acesso,com_nota_teste,com_pag_realizado,com_aln_pes_id) VALUES (33,TO_DATE('05/14/2020','mm/dd/yyyy'),TO_DATE('02/03/2021','mm/dd/yy'),1,'F',4);
INSERT INTO COMPRAS_CURSOS (com_cur_id,com_dt_fim_acesso,com_dt_inicio_acesso,com_nota_teste,com_pag_realizado,com_aln_pes_id) VALUES (42,TO_DATE('03/26/2020','mm/dd/yyyy'),TO_DATE('03/10/2021','mm/dd/yy'),4,'T',16);
INSERT INTO COMPRAS_CURSOS (com_cur_id,com_dt_fim_acesso,com_dt_inicio_acesso,com_nota_teste,com_pag_realizado,com_aln_pes_id) VALUES (40,TO_DATE('04/18/2020','mm/dd/yyyy'),TO_DATE('11/17/2021','mm/dd/yy'),6,'T',7);
INSERT INTO COMPRAS_CURSOS (com_cur_id,com_dt_fim_acesso,com_dt_inicio_acesso,com_nota_teste,com_pag_realizado,com_aln_pes_id) VALUES (26,TO_DATE('04/26/2020','mm/dd/yyyy'),TO_DATE('10/17/2021','mm/dd/yy'),5,'F',16);
INSERT INTO COMPRAS_CURSOS (com_cur_id,com_dt_fim_acesso,com_dt_inicio_acesso,com_nota_teste,com_pag_realizado,com_aln_pes_id) VALUES (31,TO_DATE('11/18/2020','mm/dd/yyyy'),TO_DATE('02/17/2021','mm/dd/yy'),2,'F',15);
INSERT INTO COMPRAS_CURSOS (com_cur_id,com_dt_fim_acesso,com_dt_inicio_acesso,com_nota_teste,com_pag_realizado,com_aln_pes_id) VALUES (33,TO_DATE('03/14/2020','mm/dd/yyyy'),TO_DATE('04/30/2021','mm/dd/yy'),1,'T',17);
INSERT INTO COMPRAS_CURSOS (com_cur_id,com_dt_fim_acesso,com_dt_inicio_acesso,com_nota_teste,com_pag_realizado,com_aln_pes_id) VALUES (34,TO_DATE('05/06/2020','mm/dd/yyyy'),TO_DATE('02/19/2021','mm/dd/yy'),3,'T',5);
INSERT INTO COMPRAS_CURSOS (com_cur_id,com_dt_fim_acesso,com_dt_inicio_acesso,com_nota_teste,com_pag_realizado,com_aln_pes_id) VALUES (23,TO_DATE('03/28/2020','mm/dd/yyyy'),TO_DATE('01/26/2022','mm/dd/yy'),4,'F',1);
INSERT INTO COMPRAS_CURSOS (com_cur_id,com_dt_fim_acesso,com_dt_inicio_acesso,com_nota_teste,com_pag_realizado,com_aln_pes_id) VALUES (17,TO_DATE('07/23/2020','mm/dd/yyyy'),TO_DATE('07/17/2021','mm/dd/yy'),3,'T',17);
INSERT INTO COMPRAS_CURSOS (com_cur_id,com_dt_fim_acesso,com_dt_inicio_acesso,com_nota_teste,com_pag_realizado,com_aln_pes_id) VALUES (26,TO_DATE('04/20/2020','mm/dd/yyyy'),TO_DATE('11/09/2021','mm/dd/yy'),5,'F',15);
INSERT INTO COMPRAS_CURSOS (com_cur_id,com_dt_fim_acesso,com_dt_inicio_acesso,com_nota_teste,com_pag_realizado,com_aln_pes_id) VALUES (2,TO_DATE('08/26/2020','mm/dd/yyyy'),TO_DATE('01/16/2022','mm/dd/yy'),10,'F',3);
INSERT INTO COMPRAS_CURSOS (com_cur_id,com_dt_fim_acesso,com_dt_inicio_acesso,com_nota_teste,com_pag_realizado,com_aln_pes_id) VALUES (44,TO_DATE('07/25/2020','mm/dd/yyyy'),TO_DATE('01/17/2022','mm/dd/yy'),8,'F',2);
INSERT INTO COMPRAS_CURSOS (com_cur_id,com_dt_fim_acesso,com_dt_inicio_acesso,com_nota_teste,com_pag_realizado,com_aln_pes_id) VALUES (1,TO_DATE('12/09/2020','mm/dd/yyyy'),TO_DATE('03/26/2021','mm/dd/yy'),2,'T',1);
INSERT INTO COMPRAS_CURSOS (com_cur_id,com_dt_fim_acesso,com_dt_inicio_acesso,com_nota_teste,com_pag_realizado,com_aln_pes_id) VALUES (46,TO_DATE('04/30/2020','mm/dd/yyyy'),TO_DATE('06/16/2021','mm/dd/yy'),2,'F',1);
INSERT INTO COMPRAS_CURSOS (com_cur_id,com_dt_fim_acesso,com_dt_inicio_acesso,com_nota_teste,com_pag_realizado,com_aln_pes_id) VALUES (5,TO_DATE('12/25/2020','mm/dd/yyyy'),TO_DATE('01/26/2022','mm/dd/yy'),7,'T',9);
INSERT INTO COMPRAS_CURSOS (com_cur_id,com_dt_fim_acesso,com_dt_inicio_acesso,com_nota_teste,com_pag_realizado,com_aln_pes_id) VALUES (31,TO_DATE('04/26/2020','mm/dd/yyyy'),TO_DATE('02/17/2022','mm/dd/yy'),8,'F',3);

--Acessos_Colaboradores_Cursos
INSERT INTO ACESSOS_COLABORADORES_CURSOS (ass_cur_id,ass_dt_acesso,ass_clb_pes_id) VALUES (28,TO_DATE('05/30/2019','mm/dd/yyyy'),41);
INSERT INTO ACESSOS_COLABORADORES_CURSOS (ass_cur_id,ass_dt_acesso,ass_clb_pes_id) VALUES (9,TO_DATE('07/20/2020','mm/dd/yyyy'),41);
INSERT INTO ACESSOS_COLABORADORES_CURSOS (ass_cur_id,ass_dt_acesso,ass_clb_pes_id) VALUES (18,TO_DATE('11/18/2019','mm/dd/yyyy'),50);
INSERT INTO ACESSOS_COLABORADORES_CURSOS (ass_cur_id,ass_dt_acesso,ass_clb_pes_id) VALUES (29,TO_DATE('04/23/2020','mm/dd/yyyy'),44);
INSERT INTO ACESSOS_COLABORADORES_CURSOS (ass_cur_id,ass_dt_acesso,ass_clb_pes_id) VALUES (48,TO_DATE('02/27/2020','mm/dd/yyyy'),39);
INSERT INTO ACESSOS_COLABORADORES_CURSOS (ass_cur_id,ass_dt_acesso,ass_clb_pes_id) VALUES (45,TO_DATE('09/11/2019','mm/dd/yyyy'),36);
INSERT INTO ACESSOS_COLABORADORES_CURSOS (ass_cur_id,ass_dt_acesso,ass_clb_pes_id) VALUES (35,TO_DATE('06/19/2020','mm/dd/yyyy'),45);
INSERT INTO ACESSOS_COLABORADORES_CURSOS (ass_cur_id,ass_dt_acesso,ass_clb_pes_id) VALUES (7,TO_DATE('05/07/2020','mm/dd/yyyy'),49);
INSERT INTO ACESSOS_COLABORADORES_CURSOS (ass_cur_id,ass_dt_acesso,ass_clb_pes_id) VALUES (49,TO_DATE('06/17/2020','mm/dd/yyyy'),42);
INSERT INTO ACESSOS_COLABORADORES_CURSOS (ass_cur_id,ass_dt_acesso,ass_clb_pes_id) VALUES (45,TO_DATE('09/28/2019','mm/dd/yyyy'),42);
INSERT INTO ACESSOS_COLABORADORES_CURSOS (ass_cur_id,ass_dt_acesso,ass_clb_pes_id) VALUES (24,TO_DATE('01/17/2020','mm/dd/yyyy'),43);
INSERT INTO ACESSOS_COLABORADORES_CURSOS (ass_cur_id,ass_dt_acesso,ass_clb_pes_id) VALUES (28,TO_DATE('06/04/2020','mm/dd/yyyy'),39);
INSERT INTO ACESSOS_COLABORADORES_CURSOS (ass_cur_id,ass_dt_acesso,ass_clb_pes_id) VALUES (33,TO_DATE('08/05/2019','mm/dd/yyyy'),37);
INSERT INTO ACESSOS_COLABORADORES_CURSOS (ass_cur_id,ass_dt_acesso,ass_clb_pes_id) VALUES (47,TO_DATE('07/28/2019','mm/dd/yyyy'),37);
INSERT INTO ACESSOS_COLABORADORES_CURSOS (ass_cur_id,ass_dt_acesso,ass_clb_pes_id) VALUES (46,TO_DATE('01/08/2020','mm/dd/yyyy'),48);
INSERT INTO ACESSOS_COLABORADORES_CURSOS (ass_cur_id,ass_dt_acesso,ass_clb_pes_id) VALUES (31,TO_DATE('12/25/2019','mm/dd/yyyy'),50);
INSERT INTO ACESSOS_COLABORADORES_CURSOS (ass_cur_id,ass_dt_acesso,ass_clb_pes_id) VALUES (45,TO_DATE('09/13/2019','mm/dd/yyyy'),45);
INSERT INTO ACESSOS_COLABORADORES_CURSOS (ass_cur_id,ass_dt_acesso,ass_clb_pes_id) VALUES (6,TO_DATE('12/20/2020','mm/dd/yyyy'),44);
INSERT INTO ACESSOS_COLABORADORES_CURSOS (ass_cur_id,ass_dt_acesso,ass_clb_pes_id) VALUES (47,TO_DATE('11/27/2020','mm/dd/yyyy'),38);
INSERT INTO ACESSOS_COLABORADORES_CURSOS (ass_cur_id,ass_dt_acesso,ass_clb_pes_id) VALUES (23,TO_DATE('10/21/2019','mm/dd/yyyy'),37);
INSERT INTO ACESSOS_COLABORADORES_CURSOS (ass_cur_id,ass_dt_acesso,ass_clb_pes_id) VALUES (16,TO_DATE('03/30/2020','mm/dd/yyyy'),47);
INSERT INTO ACESSOS_COLABORADORES_CURSOS (ass_cur_id,ass_dt_acesso,ass_clb_pes_id) VALUES (36,TO_DATE('10/17/2019','mm/dd/yyyy'),40);
INSERT INTO ACESSOS_COLABORADORES_CURSOS (ass_cur_id,ass_dt_acesso,ass_clb_pes_id) VALUES (5,TO_DATE('01/25/2020','mm/dd/yyyy'),39);
INSERT INTO ACESSOS_COLABORADORES_CURSOS (ass_cur_id,ass_dt_acesso,ass_clb_pes_id) VALUES (49,TO_DATE('04/23/2020','mm/dd/yyyy'),42);
INSERT INTO ACESSOS_COLABORADORES_CURSOS (ass_cur_id,ass_dt_acesso,ass_clb_pes_id) VALUES (2,TO_DATE('01/27/2020','mm/dd/yyyy'),47);
INSERT INTO ACESSOS_COLABORADORES_CURSOS (ass_cur_id,ass_dt_acesso,ass_clb_pes_id) VALUES (32,TO_DATE('10/27/2020','mm/dd/yyyy'),41);
INSERT INTO ACESSOS_COLABORADORES_CURSOS (ass_cur_id,ass_dt_acesso,ass_clb_pes_id) VALUES (39,TO_DATE('06/18/2020','mm/dd/yyyy'),46);
INSERT INTO ACESSOS_COLABORADORES_CURSOS (ass_cur_id,ass_dt_acesso,ass_clb_pes_id) VALUES (39,TO_DATE('07/01/2019','mm/dd/yyyy'),47);
INSERT INTO ACESSOS_COLABORADORES_CURSOS (ass_cur_id,ass_dt_acesso,ass_clb_pes_id) VALUES (49,TO_DATE('05/15/2019','mm/dd/yyyy'),40);
INSERT INTO ACESSOS_COLABORADORES_CURSOS (ass_cur_id,ass_dt_acesso,ass_clb_pes_id) VALUES (16,TO_DATE('03/10/2020','mm/dd/yyyy'),43);
INSERT INTO ACESSOS_COLABORADORES_CURSOS (ass_cur_id,ass_dt_acesso,ass_clb_pes_id) VALUES (33,TO_DATE('12/14/2019','mm/dd/yyyy'),39);
INSERT INTO ACESSOS_COLABORADORES_CURSOS (ass_cur_id,ass_dt_acesso,ass_clb_pes_id) VALUES (36,TO_DATE('04/16/2020','mm/dd/yyyy'),49);
INSERT INTO ACESSOS_COLABORADORES_CURSOS (ass_cur_id,ass_dt_acesso,ass_clb_pes_id) VALUES (45,TO_DATE('10/07/2019','mm/dd/yyyy'),39);
INSERT INTO ACESSOS_COLABORADORES_CURSOS (ass_cur_id,ass_dt_acesso,ass_clb_pes_id) VALUES (6,TO_DATE('06/04/2020','mm/dd/yyyy'),45);
INSERT INTO ACESSOS_COLABORADORES_CURSOS (ass_cur_id,ass_dt_acesso,ass_clb_pes_id) VALUES (2,TO_DATE('05/07/2020','mm/dd/yyyy'),47);
INSERT INTO ACESSOS_COLABORADORES_CURSOS (ass_cur_id,ass_dt_acesso,ass_clb_pes_id) VALUES (34,TO_DATE('06/02/2020','mm/dd/yyyy'),43);
INSERT INTO ACESSOS_COLABORADORES_CURSOS (ass_cur_id,ass_dt_acesso,ass_clb_pes_id) VALUES (2,TO_DATE('02/02/2020','mm/dd/yyyy'),43);
INSERT INTO ACESSOS_COLABORADORES_CURSOS (ass_cur_id,ass_dt_acesso,ass_clb_pes_id) VALUES (28,TO_DATE('12/31/2019','mm/dd/yyyy'),45);
INSERT INTO ACESSOS_COLABORADORES_CURSOS (ass_cur_id,ass_dt_acesso,ass_clb_pes_id) VALUES (37,TO_DATE('09/23/2020','mm/dd/yyyy'),44);
INSERT INTO ACESSOS_COLABORADORES_CURSOS (ass_cur_id,ass_dt_acesso,ass_clb_pes_id) VALUES (43,TO_DATE('05/22/2020','mm/dd/yyyy'),47);
INSERT INTO ACESSOS_COLABORADORES_CURSOS (ass_cur_id,ass_dt_acesso,ass_clb_pes_id) VALUES (9,TO_DATE('04/07/2020','mm/dd/yyyy'),47);
INSERT INTO ACESSOS_COLABORADORES_CURSOS (ass_cur_id,ass_dt_acesso,ass_clb_pes_id) VALUES (1,TO_DATE('08/30/2019','mm/dd/yyyy'),42);
INSERT INTO ACESSOS_COLABORADORES_CURSOS (ass_cur_id,ass_dt_acesso,ass_clb_pes_id) VALUES (47,TO_DATE('08/17/2019','mm/dd/yyyy'),39);
INSERT INTO ACESSOS_COLABORADORES_CURSOS (ass_cur_id,ass_dt_acesso,ass_clb_pes_id) VALUES (7,TO_DATE('10/07/2019','mm/dd/yyyy'),50);
INSERT INTO ACESSOS_COLABORADORES_CURSOS (ass_cur_id,ass_dt_acesso,ass_clb_pes_id) VALUES (3,TO_DATE('06/05/2020','mm/dd/yyyy'),50);
INSERT INTO ACESSOS_COLABORADORES_CURSOS (ass_cur_id,ass_dt_acesso,ass_clb_pes_id) VALUES (45,TO_DATE('11/25/2019','mm/dd/yyyy'),41);
INSERT INTO ACESSOS_COLABORADORES_CURSOS (ass_cur_id,ass_dt_acesso,ass_clb_pes_id) VALUES (16,TO_DATE('10/26/2020','mm/dd/yyyy'),44);
INSERT INTO ACESSOS_COLABORADORES_CURSOS (ass_cur_id,ass_dt_acesso,ass_clb_pes_id) VALUES (14,TO_DATE('04/07/2020','mm/dd/yyyy'),49);
INSERT INTO ACESSOS_COLABORADORES_CURSOS (ass_cur_id,ass_dt_acesso,ass_clb_pes_id) VALUES (42,TO_DATE('12/02/2019','mm/dd/yyyy'),45);
INSERT INTO ACESSOS_COLABORADORES_CURSOS (ass_cur_id,ass_dt_acesso,ass_clb_pes_id) VALUES (18,TO_DATE('05/25/2019','mm/dd/yyyy'),46);
INSERT INTO ACESSOS_COLABORADORES_CURSOS (ass_cur_id,ass_dt_acesso,ass_clb_pes_id) VALUES (5,TO_DATE('11/21/2020','mm/dd/yyyy'),36);