--Pessoas
INSERT INTO pessoas (pes_id,pes_prim_nome,pes_meio_nome,pes_ult_nome,pes_senha,pes_email) VALUES (1,'Fuller','Valenzuela','Salazar','congue a,','enim.Curabitur.massa@quispedeSuspendisse.com');
INSERT INTO pessoas (pes_id,pes_prim_nome,pes_meio_nome,pes_ult_nome,pes_senha,pes_email) VALUES (2,'Skyler','Dotson','Serrano','ac urna.','id.magna.et@Suspendisse.ca');
INSERT INTO pessoas (pes_id,pes_prim_nome,pes_meio_nome,pes_ult_nome,pes_senha,pes_email) VALUES (3,'Kaden','Barton','Trujillo','ornare','interdum.ligula@nectellus.edu');
INSERT INTO pessoas (pes_id,pes_prim_nome,pes_meio_nome,pes_ult_nome,pes_senha,pes_email) VALUES (4,'Lois','Lewis','Guy','vel nisl.','Quisque@hendrerit.org');
INSERT INTO pessoas (pes_id,pes_prim_nome,pes_meio_nome,pes_ult_nome,pes_senha,pes_email) VALUES (5,'Irene','Oneil','Everett','faucibus lectus,','in.molestie@Suspendissetristique.com');
INSERT INTO pessoas (pes_id,pes_prim_nome,pes_meio_nome,pes_ult_nome,pes_senha,pes_email) VALUES (6,'Randall','Bridges','Pearson','orci.','dui.Cras@Duis.net');
INSERT INTO pessoas (pes_id,pes_prim_nome,pes_meio_nome,pes_ult_nome,pes_senha,pes_email) VALUES (7,'Omar','Mcfarland','Steele','pede,','tortor.dictum.eu@dignissimpharetraNam.com');
INSERT INTO pessoas (pes_id,pes_prim_nome,pes_meio_nome,pes_ult_nome,pes_senha,pes_email) VALUES (8,'Galvin','Alston','Hodge','Duis','pede.ultrices@arcuMorbi.co.uk');
INSERT INTO pessoas (pes_id,pes_prim_nome,pes_meio_nome,pes_ult_nome,pes_senha,pes_email) VALUES (9,'Samson','Walker','Sutton','lacus.','sed.libero@cursusIntegermollis.edu');
INSERT INTO pessoas (pes_id,pes_prim_nome,pes_meio_nome,pes_ult_nome,pes_senha,pes_email) VALUES (10,'Evan','Davis','Maynard','et','leo.elementum@porttitorscelerisque.edu');
INSERT INTO pessoas (pes_id,pes_prim_nome,pes_meio_nome,pes_ult_nome,pes_senha,pes_email) VALUES (11,'Holmes','Singleton','Drake','nec,','tempor.arcu@sagittis.co.uk');
INSERT INTO pessoas (pes_id,pes_prim_nome,pes_meio_nome,pes_ult_nome,pes_senha,pes_email) VALUES (12,'Whilemina','Slater','Mathews','velit','in.magna.Phasellus@etmagna.org');
INSERT INTO pessoas (pes_id,pes_prim_nome,pes_meio_nome,pes_ult_nome,pes_senha,pes_email) VALUES (13,'Jordan','Craft','Cote','tempor, est','tellus@massaSuspendisseeleifend.edu');
INSERT INTO pessoas (pes_id,pes_prim_nome,pes_meio_nome,pes_ult_nome,pes_senha,pes_email) VALUES (14,'Devin','Figueroa','Hobbs','In condimentum.','fames@eros.net');
INSERT INTO pessoas (pes_id,pes_prim_nome,pes_meio_nome,pes_ult_nome,pes_senha,pes_email) VALUES (15,'Colton','Schmidt','Suarez','Nullam velit','mollis.non@anteNuncmauris.org');
INSERT INTO pessoas (pes_id,pes_prim_nome,pes_meio_nome,pes_ult_nome,pes_senha,pes_email) VALUES (16,'Theodore','Mclaughlin','Chase','nulla','ultrices@loremvehicula.ca');
INSERT INTO pessoas (pes_id,pes_prim_nome,pes_meio_nome,pes_ult_nome,pes_senha,pes_email) VALUES (17,'Murphy','Fitzpatrick','Guy','diam','aliquam.enim.nec@torquentperconubia.org');
INSERT INTO pessoas (pes_id,pes_prim_nome,pes_meio_nome,pes_ult_nome,pes_senha,pes_email) VALUES (18,'Kaseem','Dawson','Alexander','dui. Cras','lectus.Cum.sociis@erat.com');
INSERT INTO pessoas (pes_id,pes_prim_nome,pes_meio_nome,pes_ult_nome,pes_senha,pes_email) VALUES (19,'Madison','Hicks','White','et, rutrum','turpis.egestas@diamSeddiam.org');
INSERT INTO pessoas (pes_id,pes_prim_nome,pes_meio_nome,pes_ult_nome,pes_senha,pes_email) VALUES (20,'Kirestin','Olson','Scott','massa','est.congue@sed.co.uk');
INSERT INTO pessoas (pes_id,pes_prim_nome,pes_meio_nome,pes_ult_nome,pes_senha,pes_email) VALUES (21,'Lysandra','Dillard','Guerrero','Aenean','convallis@nisiMaurisnulla.co.uk');
INSERT INTO pessoas (pes_id,pes_prim_nome,pes_meio_nome,pes_ult_nome,pes_senha,pes_email) VALUES (22,'Myles','Carr','Barrett','orci.','egestas.nunc@egestas.com');
INSERT INTO pessoas (pes_id,pes_prim_nome,pes_meio_nome,pes_ult_nome,pes_senha,pes_email) VALUES (23,'Bert','Forbes','Norris','dignissim','accumsan@Nuncacsem.ca');
INSERT INTO pessoas (pes_id,pes_prim_nome,pes_meio_nome,pes_ult_nome,pes_senha,pes_email) VALUES (24,'Jarrod','Dorsey','Pace','enim mi','magna.et.ipsum@Pellentesquehabitant.ca');
INSERT INTO pessoas (pes_id,pes_prim_nome,pes_meio_nome,pes_ult_nome,pes_senha,pes_email) VALUES (25,'Philip','Barrera','Chan','pellentesque. Sed','ultrices.posuere.cubilia@Vivamusmolestiedapibus.net');
INSERT INTO pessoas (pes_id,pes_prim_nome,pes_meio_nome,pes_ult_nome,pes_senha,pes_email) VALUES (26,'Ila','Mcdonald','Welch','augue,','amet.luctus@infaucibusorci.ca');
INSERT INTO pessoas (pes_id,pes_prim_nome,pes_meio_nome,pes_ult_nome,pes_senha,pes_email) VALUES (27,'Carlos','Cameron','Nicholson','Aenean','tincidunt.neque.vitae@facilisis.co.uk');
INSERT INTO pessoas (pes_id,pes_prim_nome,pes_meio_nome,pes_ult_nome,pes_senha,pes_email) VALUES (28,'Reagan','Lester','Travis','lorem,','dolor@Cras.net');
INSERT INTO pessoas (pes_id,pes_prim_nome,pes_meio_nome,pes_ult_nome,pes_senha,pes_email) VALUES (29,'Deacon','Berry','Acosta','auctor','orci.Ut@atvelitPellentesque.edu');
INSERT INTO pessoas (pes_id,pes_prim_nome,pes_meio_nome,pes_ult_nome,pes_senha,pes_email) VALUES (30,'Lisandra','Horne','Bridges','augue scelerisque','mi.pede@odio.org');
INSERT INTO pessoas (pes_id,pes_prim_nome,pes_meio_nome,pes_ult_nome,pes_senha,pes_email) VALUES (31,'Blair','Fowler','Palmer','mauris','tincidunt.orci.quis@nislsem.edu');
INSERT INTO pessoas (pes_id,pes_prim_nome,pes_meio_nome,pes_ult_nome,pes_senha,pes_email) VALUES (32,'Macey','Briggs','Gill','rhoncus id,','nisl@ataugue.org');
INSERT INTO pessoas (pes_id,pes_prim_nome,pes_meio_nome,pes_ult_nome,pes_senha,pes_email) VALUES (33,'Susan','Rivera','Madden','dui. Fusce','purus@Morbinon.com');
INSERT INTO pessoas (pes_id,pes_prim_nome,pes_meio_nome,pes_ult_nome,pes_senha,pes_email) VALUES (34,'Dane','Dean','Santos','gravida','nisi@interdumlibero.co.uk');
INSERT INTO pessoas (pes_id,pes_prim_nome,pes_meio_nome,pes_ult_nome,pes_senha,pes_email) VALUES (35,'Guy','Chen','Molina','aliquet','amet.ante.Vivamus@lobortisquis.net');
INSERT INTO pessoas (pes_id,pes_prim_nome,pes_meio_nome,pes_ult_nome,pes_senha,pes_email) VALUES (36,'Armand','Reid','Chandler','Nunc','eu.nibh.vulputate@sociisnatoquepenatibus.co.uk');
INSERT INTO pessoas (pes_id,pes_prim_nome,pes_meio_nome,pes_ult_nome,pes_senha,pes_email) VALUES (37,'Lysandra','Herring','Alvarez','ullamcorper.','urna.justo@consequatenim.ca');
INSERT INTO pessoas (pes_id,pes_prim_nome,pes_meio_nome,pes_ult_nome,pes_senha,pes_email) VALUES (38,'Harrison','Rich','Odonnell','dictum','diam.Sed@Maecenas.edu');
INSERT INTO pessoas (pes_id,pes_prim_nome,pes_meio_nome,pes_ult_nome,pes_senha,pes_email) VALUES (39,'Georgia','Warren','Blevins','egestas.','Duis@NullamenimSed.com');
INSERT INTO pessoas (pes_id,pes_prim_nome,pes_meio_nome,pes_ult_nome,pes_senha,pes_email) VALUES (40,'Nicole','Gilliam','Bradford','Nunc','Etiam@maurisSuspendisse.com');
INSERT INTO pessoas (pes_id,pes_prim_nome,pes_meio_nome,pes_ult_nome,pes_senha,pes_email) VALUES (41,'Zeph','Bird','Joyce','dolor. Fusce','eu@sapiencursus.co.uk');
INSERT INTO pessoas (pes_id,pes_prim_nome,pes_meio_nome,pes_ult_nome,pes_senha,pes_email) VALUES (42,'Serena','Holland','Sheppard','nulla.','convallis@Nuncpulvinar.com');
INSERT INTO pessoas (pes_id,pes_prim_nome,pes_meio_nome,pes_ult_nome,pes_senha,pes_email) VALUES (43,'Salvador','Rose','Tyler','risus. Duis','nascetur.ridiculus@Inat.org');
INSERT INTO pessoas (pes_id,pes_prim_nome,pes_meio_nome,pes_ult_nome,pes_senha,pes_email) VALUES (44,'Moana','Blackburn','Goodman','aliquam','eget@Duisgravida.com');
INSERT INTO pessoas (pes_id,pes_prim_nome,pes_meio_nome,pes_ult_nome,pes_senha,pes_email) VALUES (45,'Nichole','Vinson','Stark','quis, tristique','metus.Aliquam.erat@liberoProin.net');
INSERT INTO pessoas (pes_id,pes_prim_nome,pes_meio_nome,pes_ult_nome,pes_senha,pes_email) VALUES (46,'Janna','Shepard','Diaz','justo sit','luctus.et.ultrices@iaculisneceleifend.edu');
INSERT INTO pessoas (pes_id,pes_prim_nome,pes_meio_nome,pes_ult_nome,pes_senha,pes_email) VALUES (47,'Regan','Preston','Finley','laoreet','nascetur.ridiculus@Integer.co.uk');
INSERT INTO pessoas (pes_id,pes_prim_nome,pes_meio_nome,pes_ult_nome,pes_senha,pes_email) VALUES (48,'Jordan','Erickson','Page','id','metus@liberoet.co.uk');
INSERT INTO pessoas (pes_id,pes_prim_nome,pes_meio_nome,pes_ult_nome,pes_senha,pes_email) VALUES (49,'Zenaida','Travis','Tyler','sit amet,','non.enim@ideratEtiam.co.uk');
INSERT INTO pessoas (pes_id,pes_prim_nome,pes_meio_nome,pes_ult_nome,pes_senha,pes_email) VALUES (50,'Avye','Vinson','George','Etiam','feugiat.tellus.lorem@idrisusquis.net');

-- Alunos
INSERT INTO alunos (aln_dt_nasc,aln_cidade,aln_estado,aln_pes_id) VALUES (TO_DATE('11/05/2003','mm/dd/yyyy'),'São José dos Pinhais','Paraná',1);
INSERT INTO alunos (aln_dt_nasc,aln_cidade,aln_estado,aln_pes_id) VALUES (TO_DATE('04/26/1959','mm/dd/yyyy'),'Itapipoca','CE',2);
INSERT INTO alunos (aln_dt_nasc,aln_cidade,aln_estado,aln_pes_id) VALUES (TO_DATE('08/08/1961','mm/dd/yyyy'),'Uberaba','MG',3);
INSERT INTO alunos (aln_dt_nasc,aln_cidade,aln_estado,aln_pes_id) VALUES (TO_DATE('06/11/1978','mm/dd/yyyy'),'Olinda','Pernambuco',4);
INSERT INTO alunos (aln_dt_nasc,aln_cidade,aln_estado,aln_pes_id) VALUES (TO_DATE('06/01/1979','mm/dd/yyyy'),'Belford Roxo','Rio de Janeiro',5);
INSERT INTO alunos (aln_dt_nasc,aln_cidade,aln_estado,aln_pes_id) VALUES (TO_DATE('05/23/1964','mm/dd/yyyy'),'Diadema','São Paulo',6);
INSERT INTO alunos (aln_dt_nasc,aln_cidade,aln_estado,aln_pes_id) VALUES (TO_DATE('02/16/1955','mm/dd/yyyy'),'Blumenau','SC',7);
INSERT INTO alunos (aln_dt_nasc,aln_cidade,aln_estado,aln_pes_id) VALUES (TO_DATE('10/18/1953','mm/dd/yyyy'),'Ponta Grossa','Paraná',8);
INSERT INTO alunos (aln_dt_nasc,aln_cidade,aln_estado,aln_pes_id) VALUES (TO_DATE('09/03/1983','mm/dd/yyyy'),'Sete Lagoas','MG',9);
INSERT INTO alunos (aln_dt_nasc,aln_cidade,aln_estado,aln_pes_id) VALUES (TO_DATE('01/10/1994','mm/dd/yyyy'),'Mogi das Cruzes','SP',10);
INSERT INTO alunos (aln_dt_nasc,aln_cidade,aln_estado,aln_pes_id) VALUES (TO_DATE('12/21/1959','mm/dd/yyyy'),'Ponta Grossa','PR',11);
INSERT INTO alunos (aln_dt_nasc,aln_cidade,aln_estado,aln_pes_id) VALUES (TO_DATE('06/14/1981','mm/dd/yyyy'),'Piracicaba','SP',12);
INSERT INTO alunos (aln_dt_nasc,aln_cidade,aln_estado,aln_pes_id) VALUES (TO_DATE('12/12/1990','mm/dd/yyyy'),'Caxias do Sul','RS',13);
INSERT INTO alunos (aln_dt_nasc,aln_cidade,aln_estado,aln_pes_id) VALUES (TO_DATE('01/30/1994','mm/dd/yyyy'),'Ribeirão Preto','SP',14);
INSERT INTO alunos (aln_dt_nasc,aln_cidade,aln_estado,aln_pes_id) VALUES (TO_DATE('06/28/1975','mm/dd/yyyy'),'Patos','Paraíba',15);
INSERT INTO alunos (aln_dt_nasc,aln_cidade,aln_estado,aln_pes_id) VALUES (TO_DATE('12/10/2002','mm/dd/yyyy'),'Osasco','SP',16);
INSERT INTO alunos (aln_dt_nasc,aln_cidade,aln_estado,aln_pes_id) VALUES (TO_DATE('11/30/1960','mm/dd/yyyy'),'Guarulhos','SP',17);

--Autores
INSERT INTO autores (aut_pes_id) VALUES (18);
INSERT INTO autores (aut_pes_id) VALUES (19);
INSERT INTO autores (aut_pes_id) VALUES (20);
INSERT INTO autores (aut_pes_id) VALUES (21);
INSERT INTO autores (aut_pes_id) VALUES (22);
INSERT INTO autores (aut_pes_id) VALUES (23);
INSERT INTO autores (aut_pes_id) VALUES (24);
INSERT INTO autores (aut_pes_id) VALUES (25);
INSERT INTO autores (aut_pes_id) VALUES (26);
INSERT INTO autores (aut_pes_id) VALUES (27);
INSERT INTO autores (aut_pes_id) VALUES (28);
INSERT INTO autores (aut_pes_id) VALUES (29);
INSERT INTO autores (aut_pes_id) VALUES (30);
INSERT INTO autores (aut_pes_id) VALUES (31);
INSERT INTO autores (aut_pes_id) VALUES (32);
INSERT INTO autores (aut_pes_id) VALUES (33);
INSERT INTO autores (aut_pes_id) VALUES (34);

--Colaboradores
INSERT INTO colaboradores (clb_pes_id) VALUES (35);
INSERT INTO colaboradores (clb_pes_id) VALUES (36);
INSERT INTO colaboradores (clb_pes_id) VALUES (37);
INSERT INTO colaboradores (clb_pes_id) VALUES (38);
INSERT INTO colaboradores (clb_pes_id) VALUES (39);
INSERT INTO colaboradores (clb_pes_id) VALUES (40);
INSERT INTO colaboradores (clb_pes_id) VALUES (41);
INSERT INTO colaboradores (clb_pes_id) VALUES (42);
INSERT INTO colaboradores (clb_pes_id) VALUES (43);
INSERT INTO colaboradores (clb_pes_id) VALUES (44);
INSERT INTO colaboradores (clb_pes_id) VALUES (45);
INSERT INTO colaboradores (clb_pes_id) VALUES (46);
INSERT INTO colaboradores (clb_pes_id) VALUES (47);
INSERT INTO colaboradores (clb_pes_id) VALUES (48);
INSERT INTO colaboradores (clb_pes_id) VALUES (49);
INSERT INTO colaboradores (clb_pes_id) VALUES (50);

--Categorias
INSERT INTO categorias (ctg_id,ctg_nome) VALUES (1,'Matemática');
INSERT INTO categorias (ctg_id,ctg_nome) VALUES (2,'Português');
INSERT INTO categorias (ctg_id,ctg_nome) VALUES (3,'Java');
INSERT INTO categorias (ctg_id,ctg_nome) VALUES (4,'História');
INSERT INTO categorias (ctg_id,ctg_nome) VALUES (5,'Ciências');
INSERT INTO categorias (ctg_id,ctg_nome) VALUES (6,'Sociologia');
INSERT INTO categorias (ctg_id,ctg_nome) VALUES (7,'Filosofia');
INSERT INTO categorias (ctg_id,ctg_nome) VALUES (8,'Batata');
INSERT INTO categorias (ctg_id,ctg_nome) VALUES (9,'Picles');
INSERT INTO categorias (ctg_id,ctg_nome) VALUES (10,'Hamburger');
INSERT INTO categorias (ctg_id,ctg_nome) VALUES (11,'C#');
INSERT INTO categorias (ctg_id,ctg_nome) VALUES (12,'C');
INSERT INTO categorias (ctg_id,ctg_nome) VALUES (13,'C++');
INSERT INTO categorias (ctg_id,ctg_nome) VALUES (14,'Python');
INSERT INTO categorias (ctg_id,ctg_nome) VALUES (15,'Ruby');
INSERT INTO categorias (ctg_id,ctg_nome) VALUES (16,'Go');
INSERT INTO categorias (ctg_id,ctg_nome) VALUES (17,'SQL');
INSERT INTO categorias (ctg_id,ctg_nome) VALUES (18,'Pokemon');
INSERT INTO categorias (ctg_id,ctg_nome) VALUES (19,'Oracle');
INSERT INTO categorias (ctg_id,ctg_nome) VALUES (20,'SQL Server');
INSERT INTO categorias (ctg_id,ctg_nome) VALUES (21,'PostgresSql');
INSERT INTO categorias (ctg_id,ctg_nome) VALUES (22,'Javascript');
INSERT INTO categorias (ctg_id,ctg_nome) VALUES (23,'HTML');
INSERT INTO categorias (ctg_id,ctg_nome) VALUES (24,'CSS');
INSERT INTO categorias (ctg_id,ctg_nome) VALUES (25,'PHP');
INSERT INTO categorias (ctg_id,ctg_nome) VALUES (26,'MySQl');
INSERT INTO categorias (ctg_id,ctg_nome) VALUES (27,'Monogatari');
INSERT INTO categorias (ctg_id,ctg_nome) VALUES (28,'Toaru Majutsu no Index');
INSERT INTO categorias (ctg_id,ctg_nome) VALUES (29,'Culinaria');
INSERT INTO categorias (ctg_id,ctg_nome) VALUES (30,'Engenharia Civil');
INSERT INTO categorias (ctg_id,ctg_nome) VALUES (31,'Fibonnaci');
INSERT INTO categorias (ctg_id,ctg_nome) VALUES (32,'Madoka Magica');
INSERT INTO categorias (ctg_id,ctg_nome) VALUES (33,'UML');
INSERT INTO categorias (ctg_id,ctg_nome) VALUES (34,'Design Patterns');
INSERT INTO categorias (ctg_id,ctg_nome) VALUES (35,'Modelo Entidade Relacionamento');
INSERT INTO categorias (ctg_id,ctg_nome) VALUES (36,'Programação Orientada a Objeto');
INSERT INTO categorias (ctg_id,ctg_nome) VALUES (37,'Segurança da Informação');
INSERT INTO categorias (ctg_id,ctg_nome) VALUES (38,'Criptografia');
INSERT INTO categorias (ctg_id,ctg_nome) VALUES (39,'Redes de computadores');
INSERT INTO categorias (ctg_id,ctg_nome) VALUES (40,'Arquitetura de software');
INSERT INTO categorias (ctg_id,ctg_nome) VALUES (41,'Inglês');
INSERT INTO categorias (ctg_id,ctg_nome) VALUES (42,'Espanhol');
INSERT INTO categorias (ctg_id,ctg_nome) VALUES (43,'Alemão');
INSERT INTO categorias (ctg_id,ctg_nome) VALUES (44,'Francês');
INSERT INTO categorias (ctg_id,ctg_nome) VALUES (45,'Italiano');
INSERT INTO categorias (ctg_id,ctg_nome) VALUES (46,'Japonês');
INSERT INTO categorias (ctg_id,ctg_nome) VALUES (47,'Coreano');
INSERT INTO categorias (ctg_id,ctg_nome) VALUES (48,'K-Pop');
INSERT INTO categorias (ctg_id,ctg_nome) VALUES (49,'Rock');
INSERT INTO categorias (ctg_id,ctg_nome) VALUES (50,'Pop');

--Cursos
INSERT INTO cursos (cur_id,cur_nome,cur_descricao,cur_preco,cur_link,cur_aut_pes_id,cur_ctg_id) VALUES (1,'Batata','ullamcorper viverra. Maecenas iaculis aliquet diam. Sed diam lorem, auctor',129,'molestie.',20,10);
INSERT INTO cursos (cur_id,cur_nome,cur_descricao,cur_preco,cur_link,cur_aut_pes_id,cur_ctg_id) VALUES (2,'Strogonoff','eu dolor egestas rhoncus. Proin nisl sem, consequat nec,',105,'ridiculus',25,33);
INSERT INTO cursos (cur_id,cur_nome,cur_descricao,cur_preco,cur_link,cur_aut_pes_id,cur_ctg_id) VALUES (3,'Lasanha','quam a felis ullamcorper viverra. Maecenas iaculis',336,'arcu.',25,33);
INSERT INTO cursos (cur_id,cur_nome,cur_descricao,cur_preco,cur_link,cur_aut_pes_id,cur_ctg_id) VALUES (4,'Leite Condensado','lacus pede sagittis augue, eu tempor erat neque non quam.',93,'nisl',28,35);
INSERT INTO cursos (cur_id,cur_nome,cur_descricao,cur_preco,cur_link,cur_aut_pes_id,cur_ctg_id) VALUES (5,'Arroz','ante ipsum primis in faucibus orci luctus et ultrices posuere',78,'eu,',20,50);
INSERT INTO cursos (cur_id,cur_nome,cur_descricao,cur_preco,cur_link,cur_aut_pes_id,cur_ctg_id) VALUES (6,'Feijão','nulla magna, malesuada vel, convallis in, cursus et, eros.',91,'torquent',22,19);
INSERT INTO cursos (cur_id,cur_nome,cur_descricao,cur_preco,cur_link,cur_aut_pes_id,cur_ctg_id) VALUES (7,'Carne','auctor vitae, aliquet nec, imperdiet nec, leo.',436,'non,',23,9);
INSERT INTO cursos (cur_id,cur_nome,cur_descricao,cur_preco,cur_link,cur_aut_pes_id,cur_ctg_id) VALUES (8,'Frango','in, cursus et, eros. Proin ultrices.',288,'natoque',31,10);
INSERT INTO cursos (cur_id,cur_nome,cur_descricao,cur_preco,cur_link,cur_aut_pes_id,cur_ctg_id) VALUES (9,'Peixe','sed leo. Cras vehicula aliquet libero.',356,'magna.',30,21);
INSERT INTO cursos (cur_id,cur_nome,cur_descricao,cur_preco,cur_link,cur_aut_pes_id,cur_ctg_id) VALUES (10,'Pizza','velit. Quisque varius. Nam porttitor scelerisque neque. Nullam nisl.',401,'tellus.',26,29);
INSERT INTO cursos (cur_id,cur_nome,cur_descricao,cur_preco,cur_link,cur_aut_pes_id,cur_ctg_id) VALUES (11,'Salgados','est ac mattis semper, dui lectus rutrum urna, nec',200,'at,',28,36);
INSERT INTO cursos (cur_id,cur_nome,cur_descricao,cur_preco,cur_link,cur_aut_pes_id,cur_ctg_id) VALUES (12,'Cerveja','et magnis dis parturient montes, nascetur ridiculus mus. Aenean eget',192,'mollis.',18,40);
INSERT INTO cursos (cur_id,cur_nome,cur_descricao,cur_preco,cur_link,cur_aut_pes_id,cur_ctg_id) VALUES (13,'Refrigerante','semper. Nam tempor diam dictum sapien.',492,'nulla',20,39);
INSERT INTO cursos (cur_id,cur_nome,cur_descricao,cur_preco,cur_link,cur_aut_pes_id,cur_ctg_id) VALUES (14,'Batata Frita','Integer tincidunt aliquam arcu. Aliquam ultrices iaculis',33,'Sed',34,17);
INSERT INTO cursos (cur_id,cur_nome,cur_descricao,cur_preco,cur_link,cur_aut_pes_id,cur_ctg_id) VALUES (15,'Batata Palha','mi, ac mattis velit justo nec ante. Maecenas mi',37,'luctus,',22,33);
INSERT INTO cursos (cur_id,cur_nome,cur_descricao,cur_preco,cur_link,cur_aut_pes_id,cur_ctg_id) VALUES (16,'Frango Assado','sit amet, risus. Donec nibh enim,',185,'mattis.',27,10);
INSERT INTO cursos (cur_id,cur_nome,cur_descricao,cur_preco,cur_link,cur_aut_pes_id,cur_ctg_id) VALUES (17,'Frango Cozido','mattis velit justo nec ante. Maecenas mi felis,',185,'Nullam',18,4);
INSERT INTO cursos (cur_id,cur_nome,cur_descricao,cur_preco,cur_link,cur_aut_pes_id,cur_ctg_id) VALUES (18,'Torta de Frango','et, rutrum eu, ultrices sit amet,',187,'lacus.',19,42);
INSERT INTO cursos (cur_id,cur_nome,cur_descricao,cur_preco,cur_link,cur_aut_pes_id,cur_ctg_id) VALUES (19,'Sopa de Frango','vitae semper egestas, urna justo faucibus lectus, a sollicitudin orci',261,'luctus',18,42);
INSERT INTO cursos (cur_id,cur_nome,cur_descricao,cur_preco,cur_link,cur_aut_pes_id,cur_ctg_id) VALUES (20,'Frango a parmegiana','eu turpis. Nulla aliquet. Proin',478,'Mauris',34,36);
INSERT INTO cursos (cur_id,cur_nome,cur_descricao,cur_preco,cur_link,cur_aut_pes_id,cur_ctg_id) VALUES (21,'Frango a milenesa','leo, in lobortis tellus justo sit',316,'Nulla',32,23);
INSERT INTO cursos (cur_id,cur_nome,cur_descricao,cur_preco,cur_link,cur_aut_pes_id,cur_ctg_id) VALUES (22,'Alface','congue. In scelerisque scelerisque dui.',179,'id',26,2);
INSERT INTO cursos (cur_id,cur_nome,cur_descricao,cur_preco,cur_link,cur_aut_pes_id,cur_ctg_id) VALUES (23,'Tomate','vitae velit egestas lacinia. Sed congue, elit sed consequat',403,'lacinia',34,22);
INSERT INTO cursos (cur_id,cur_nome,cur_descricao,cur_preco,cur_link,cur_aut_pes_id,cur_ctg_id) VALUES (24,'Repolho','Mauris magna. Duis dignissim tempor arcu. Vestibulum ut eros',356,'venenatis',20,16);
INSERT INTO cursos (cur_id,cur_nome,cur_descricao,cur_preco,cur_link,cur_aut_pes_id,cur_ctg_id) VALUES (25,'Grão de Bico','nec, cursus a, enim. Suspendisse aliquet, sem',429,'dolor',27,49);
INSERT INTO cursos (cur_id,cur_nome,cur_descricao,cur_preco,cur_link,cur_aut_pes_id,cur_ctg_id) VALUES (26,'Miojo','molestie pharetra nibh. Aliquam ornare, libero at auctor ullamcorper, nisl',339,'interdum.',20,27);
INSERT INTO cursos (cur_id,cur_nome,cur_descricao,cur_preco,cur_link,cur_aut_pes_id,cur_ctg_id) VALUES (27,'Macarrão','neque sed sem egestas blandit. Nam',88,'luctus.',28,19);
INSERT INTO cursos (cur_id,cur_nome,cur_descricao,cur_preco,cur_link,cur_aut_pes_id,cur_ctg_id) VALUES (28,'Chocolate','conubia nostra, per inceptos hymenaeos. Mauris ut quam vel sapien',222,'amet',26,13);
INSERT INTO cursos (cur_id,cur_nome,cur_descricao,cur_preco,cur_link,cur_aut_pes_id,cur_ctg_id) VALUES (29,'Torta','nec enim. Nunc ut erat.',197,'vel',29,24);
INSERT INTO cursos (cur_id,cur_nome,cur_descricao,cur_preco,cur_link,cur_aut_pes_id,cur_ctg_id) VALUES (30,'Sorvete','parturient montes, nascetur ridiculus mus. Proin',389,'libero',32,6);
INSERT INTO cursos (cur_id,cur_nome,cur_descricao,cur_preco,cur_link,cur_aut_pes_id,cur_ctg_id) VALUES (31,'Chiclete','auctor vitae, aliquet nec, imperdiet nec, leo. Morbi neque',401,'aliquam',28,34);
INSERT INTO cursos (cur_id,cur_nome,cur_descricao,cur_preco,cur_link,cur_aut_pes_id,cur_ctg_id) VALUES (32,'Torta de chocolate','aliquam adipiscing lacus. Ut nec urna et',334,'ullamcorper,',32,45);
INSERT INTO cursos (cur_id,cur_nome,cur_descricao,cur_preco,cur_link,cur_aut_pes_id,cur_ctg_id) VALUES (33,'Mousse de chocolate','augue. Sed molestie. Sed id risus quis diam',44,'odio',32,23);
INSERT INTO cursos (cur_id,cur_nome,cur_descricao,cur_preco,cur_link,cur_aut_pes_id,cur_ctg_id) VALUES (34,'Morango','Nam ac nulla. In tincidunt congue turpis.',43,'orci',24,25);
INSERT INTO cursos (cur_id,cur_nome,cur_descricao,cur_preco,cur_link,cur_aut_pes_id,cur_ctg_id) VALUES (35,'Abacaxi','tristique senectus et netus et malesuada fames ac turpis',277,'erat',31,31);
INSERT INTO cursos (cur_id,cur_nome,cur_descricao,cur_preco,cur_link,cur_aut_pes_id,cur_ctg_id) VALUES (36,'Uva','magna. Praesent interdum ligula eu enim. Etiam',128,'hendrerit',33,49);
INSERT INTO cursos (cur_id,cur_nome,cur_descricao,cur_preco,cur_link,cur_aut_pes_id,cur_ctg_id) VALUES (37,'Pera','lorem semper auctor. Mauris vel turpis.',403,'purus',34,20);
INSERT INTO cursos (cur_id,cur_nome,cur_descricao,cur_preco,cur_link,cur_aut_pes_id,cur_ctg_id) VALUES (38,'Caqui','mollis. Integer tincidunt aliquam arcu.',224,'sapien,',23,21);
INSERT INTO cursos (cur_id,cur_nome,cur_descricao,cur_preco,cur_link,cur_aut_pes_id,cur_ctg_id) VALUES (39,'Kiwi','et magnis dis parturient montes, nascetur ridiculus',347,'ante,',26,36);
INSERT INTO cursos (cur_id,cur_nome,cur_descricao,cur_preco,cur_link,cur_aut_pes_id,cur_ctg_id) VALUES (40,'Manga','ut lacus. Nulla tincidunt, neque vitae semper egestas, urna',354,'eu,',21,35);
INSERT INTO cursos (cur_id,cur_nome,cur_descricao,cur_preco,cur_link,cur_aut_pes_id,cur_ctg_id) VALUES (41,'Mamão','libero est, congue a, aliquet vel, vulputate eu,',248,'at,',20,29);
INSERT INTO cursos (cur_id,cur_nome,cur_descricao,cur_preco,cur_link,cur_aut_pes_id,cur_ctg_id) VALUES (42,'Abacate','ac mi eleifend egestas. Sed pharetra, felis',316,'in',19,20);
INSERT INTO cursos (cur_id,cur_nome,cur_descricao,cur_preco,cur_link,cur_aut_pes_id,cur_ctg_id) VALUES (43,'Açai','lorem lorem, luctus ut, pellentesque eget, dictum',254,'sem',18,31);
INSERT INTO cursos (cur_id,cur_nome,cur_descricao,cur_preco,cur_link,cur_aut_pes_id,cur_ctg_id) VALUES (44,'Acerola','et magnis dis parturient montes, nascetur ridiculus mus. Donec dignissim',24,'tempus',26,47);
INSERT INTO cursos (cur_id,cur_nome,cur_descricao,cur_preco,cur_link,cur_aut_pes_id,cur_ctg_id) VALUES (45,'Amora','arcu eu odio tristique pharetra.',161,'magna',26,20);
INSERT INTO cursos (cur_id,cur_nome,cur_descricao,cur_preco,cur_link,cur_aut_pes_id,cur_ctg_id) VALUES (46,'Banana','egestas blandit. Nam nulla magna,',135,'nibh.',34,36);
INSERT INTO cursos (cur_id,cur_nome,cur_descricao,cur_preco,cur_link,cur_aut_pes_id,cur_ctg_id) VALUES (47,'Careja','faucibus ut, nulla. Cras eu tellus eu',78,'elementum',33,28);
INSERT INTO cursos (cur_id,cur_nome,cur_descricao,cur_preco,cur_link,cur_aut_pes_id,cur_ctg_id) VALUES (48,'Coco','sed sem egestas blandit. Nam nulla magna, malesuada vel, convallis',382,'Donec',30,2);
INSERT INTO cursos (cur_id,cur_nome,cur_descricao,cur_preco,cur_link,cur_aut_pes_id,cur_ctg_id) VALUES (49,'Goiaba','dictum cursus. Nunc mauris elit,',79,'dapibus',25,36);
INSERT INTO cursos (cur_id,cur_nome,cur_descricao,cur_preco,cur_link,cur_aut_pes_id,cur_ctg_id) VALUES (50,'Limão','fringilla ornare placerat, orci lacus vestibulum',276,'sit',24,33);

--COMPRAS_CURSOS
INSERT INTO COMPRAS_CURSOS (com_cur_id,com_dt_ultimo_acesso,com_dt_compra,com_nota_teste,com_pag_realizado,com_aln_pes_id) VALUES (41,TO_DATE('10/15/2020','mm/dd/yyyy'),TO_DATE('05/05/2021','mm/dd/yy'),5,'T',16);
INSERT INTO COMPRAS_CURSOS (com_cur_id,com_dt_ultimo_acesso,com_dt_compra,com_nota_teste,com_pag_realizado,com_aln_pes_id) VALUES (27,TO_DATE('12/26/2020','mm/dd/yyyy'),TO_DATE('01/02/2022','mm/dd/yy'),10,'F',13);
INSERT INTO COMPRAS_CURSOS (com_cur_id,com_dt_ultimo_acesso,com_dt_compra,com_nota_teste,com_pag_realizado,com_aln_pes_id) VALUES (33,TO_DATE('05/01/2020','mm/dd/yyyy'),TO_DATE('08/02/2021','mm/dd/yy'),5,'T',4);
INSERT INTO COMPRAS_CURSOS (com_cur_id,com_dt_ultimo_acesso,com_dt_compra,com_nota_teste,com_pag_realizado,com_aln_pes_id) VALUES (3,TO_DATE('09/07/2020','mm/dd/yyyy'),TO_DATE('11/11/2021','mm/dd/yy'),3,'F',4);
INSERT INTO COMPRAS_CURSOS (com_cur_id,com_dt_ultimo_acesso,com_dt_compra,com_nota_teste,com_pag_realizado,com_aln_pes_id) VALUES (29,TO_DATE('11/06/2020','mm/dd/yyyy'),TO_DATE('08/09/2021','mm/dd/yy'),0,'T',4);
INSERT INTO COMPRAS_CURSOS (com_cur_id,com_dt_ultimo_acesso,com_dt_compra,com_nota_teste,com_pag_realizado,com_aln_pes_id) VALUES (46,TO_DATE('05/25/2020','mm/dd/yyyy'),TO_DATE('11/01/2021','mm/dd/yy'),6,'F',10);
INSERT INTO COMPRAS_CURSOS (com_cur_id,com_dt_ultimo_acesso,com_dt_compra,com_nota_teste,com_pag_realizado,com_aln_pes_id) VALUES (30,TO_DATE('12/22/2020','mm/dd/yyyy'),TO_DATE('12/02/2021','mm/dd/yy'),4,'F',8);
INSERT INTO COMPRAS_CURSOS (com_cur_id,com_dt_ultimo_acesso,com_dt_compra,com_nota_teste,com_pag_realizado,com_aln_pes_id) VALUES (26,TO_DATE('06/30/2020','mm/dd/yyyy'),TO_DATE('06/07/2021','mm/dd/yy'),2,'F',13);
INSERT INTO COMPRAS_CURSOS (com_cur_id,com_dt_ultimo_acesso,com_dt_compra,com_nota_teste,com_pag_realizado,com_aln_pes_id) VALUES (42,TO_DATE('08/17/2020','mm/dd/yyyy'),TO_DATE('02/17/2022','mm/dd/yy'),7,'T',9);
INSERT INTO COMPRAS_CURSOS (com_cur_id,com_dt_ultimo_acesso,com_dt_compra,com_nota_teste,com_pag_realizado,com_aln_pes_id) VALUES (8,TO_DATE('06/11/2020','mm/dd/yyyy'),TO_DATE('06/16/2021','mm/dd/yy'),10,'T',2);
INSERT INTO COMPRAS_CURSOS (com_cur_id,com_dt_ultimo_acesso,com_dt_compra,com_nota_teste,com_pag_realizado,com_aln_pes_id) VALUES (1,TO_DATE('08/14/2020','mm/dd/yyyy'),TO_DATE('06/23/2021','mm/dd/yy'),1,'F',2);
INSERT INTO COMPRAS_CURSOS (com_cur_id,com_dt_ultimo_acesso,com_dt_compra,com_nota_teste,com_pag_realizado,com_aln_pes_id) VALUES (43,TO_DATE('10/14/2020','mm/dd/yyyy'),TO_DATE('05/11/2021','mm/dd/yy'),9,'T',15);
INSERT INTO COMPRAS_CURSOS (com_cur_id,com_dt_ultimo_acesso,com_dt_compra,com_nota_teste,com_pag_realizado,com_aln_pes_id) VALUES (23,TO_DATE('07/30/2020','mm/dd/yyyy'),TO_DATE('02/25/2021','mm/dd/yy'),3,'T',12);
INSERT INTO COMPRAS_CURSOS (com_cur_id,com_dt_ultimo_acesso,com_dt_compra,com_nota_teste,com_pag_realizado,com_aln_pes_id) VALUES (14,TO_DATE('06/19/2020','mm/dd/yyyy'),TO_DATE('10/05/2021','mm/dd/yy'),8,'F',3);
INSERT INTO COMPRAS_CURSOS (com_cur_id,com_dt_ultimo_acesso,com_dt_compra,com_nota_teste,com_pag_realizado,com_aln_pes_id) VALUES (9,TO_DATE('05/16/2020','mm/dd/yyyy'),TO_DATE('12/17/2021','mm/dd/yy'),9,'F',17);
INSERT INTO COMPRAS_CURSOS (com_cur_id,com_dt_ultimo_acesso,com_dt_compra,com_nota_teste,com_pag_realizado,com_aln_pes_id) VALUES (4,TO_DATE('12/03/2020','mm/dd/yyyy'),TO_DATE('02/06/2021','mm/dd/yy'),0,'T',6);
INSERT INTO COMPRAS_CURSOS (com_cur_id,com_dt_ultimo_acesso,com_dt_compra,com_nota_teste,com_pag_realizado,com_aln_pes_id) VALUES (31,TO_DATE('09/15/2020','mm/dd/yyyy'),TO_DATE('06/27/2021','mm/dd/yy'),3,'T',8);
INSERT INTO COMPRAS_CURSOS (com_cur_id,com_dt_ultimo_acesso,com_dt_compra,com_nota_teste,com_pag_realizado,com_aln_pes_id) VALUES (48,TO_DATE('04/20/2020','mm/dd/yyyy'),TO_DATE('06/29/2021','mm/dd/yy'),1,'T',12);
INSERT INTO COMPRAS_CURSOS (com_cur_id,com_dt_ultimo_acesso,com_dt_compra,com_nota_teste,com_pag_realizado,com_aln_pes_id) VALUES (27,TO_DATE('03/27/2020','mm/dd/yyyy'),TO_DATE('11/05/2021','mm/dd/yy'),4,'T',10);
INSERT INTO COMPRAS_CURSOS (com_cur_id,com_dt_ultimo_acesso,com_dt_compra,com_nota_teste,com_pag_realizado,com_aln_pes_id) VALUES (23,TO_DATE('09/01/2020','mm/dd/yyyy'),TO_DATE('09/17/2021','mm/dd/yy'),5,'F',13);
INSERT INTO COMPRAS_CURSOS (com_cur_id,com_dt_ultimo_acesso,com_dt_compra,com_nota_teste,com_pag_realizado,com_aln_pes_id) VALUES (27,TO_DATE('10/31/2020','mm/dd/yyyy'),TO_DATE('01/13/2022','mm/dd/yy'),9,'T',8);
INSERT INTO COMPRAS_CURSOS (com_cur_id,com_dt_ultimo_acesso,com_dt_compra,com_nota_teste,com_pag_realizado,com_aln_pes_id) VALUES (44,TO_DATE('10/17/2020','mm/dd/yyyy'),TO_DATE('12/05/2021','mm/dd/yy'),7,'T',11);
INSERT INTO COMPRAS_CURSOS (com_cur_id,com_dt_ultimo_acesso,com_dt_compra,com_nota_teste,com_pag_realizado,com_aln_pes_id) VALUES (50,TO_DATE('06/03/2020','mm/dd/yyyy'),TO_DATE('06/17/2021','mm/dd/yy'),2,'T',17);
INSERT INTO COMPRAS_CURSOS (com_cur_id,com_dt_ultimo_acesso,com_dt_compra,com_nota_teste,com_pag_realizado,com_aln_pes_id) VALUES (20,TO_DATE('11/21/2020','mm/dd/yyyy'),TO_DATE('06/20/2021','mm/dd/yy'),9,'T',17);
INSERT INTO COMPRAS_CURSOS (com_cur_id,com_dt_ultimo_acesso,com_dt_compra,com_nota_teste,com_pag_realizado,com_aln_pes_id) VALUES (4,TO_DATE('05/18/2020','mm/dd/yyyy'),TO_DATE('01/16/2022','mm/dd/yy'),10,'F',7);
INSERT INTO COMPRAS_CURSOS (com_cur_id,com_dt_ultimo_acesso,com_dt_compra,com_nota_teste,com_pag_realizado,com_aln_pes_id) VALUES (9,TO_DATE('04/24/2020','mm/dd/yyyy'),TO_DATE('01/26/2022','mm/dd/yy'),0,'F',2);
INSERT INTO COMPRAS_CURSOS (com_cur_id,com_dt_ultimo_acesso,com_dt_compra,com_nota_teste,com_pag_realizado,com_aln_pes_id) VALUES (43,TO_DATE('06/18/2020','mm/dd/yyyy'),TO_DATE('08/08/2021','mm/dd/yy'),10,'T',4);
INSERT INTO COMPRAS_CURSOS (com_cur_id,com_dt_ultimo_acesso,com_dt_compra,com_nota_teste,com_pag_realizado,com_aln_pes_id) VALUES (33,TO_DATE('07/02/2020','mm/dd/yyyy'),TO_DATE('01/24/2022','mm/dd/yy'),2,'T',3);
INSERT INTO COMPRAS_CURSOS (com_cur_id,com_dt_ultimo_acesso,com_dt_compra,com_nota_teste,com_pag_realizado,com_aln_pes_id) VALUES (2,TO_DATE('12/08/2020','mm/dd/yyyy'),TO_DATE('12/24/2021','mm/dd/yy'),6,'T',12);
INSERT INTO COMPRAS_CURSOS (com_cur_id,com_dt_ultimo_acesso,com_dt_compra,com_nota_teste,com_pag_realizado,com_aln_pes_id) VALUES (20,TO_DATE('12/14/2020','mm/dd/yyyy'),TO_DATE('04/19/2021','mm/dd/yy'),0,'F',1);
INSERT INTO COMPRAS_CURSOS (com_cur_id,com_dt_ultimo_acesso,com_dt_compra,com_nota_teste,com_pag_realizado,com_aln_pes_id) VALUES (7,TO_DATE('05/29/2020','mm/dd/yyyy'),TO_DATE('12/08/2021','mm/dd/yy'),5,'T',4);
INSERT INTO COMPRAS_CURSOS (com_cur_id,com_dt_ultimo_acesso,com_dt_compra,com_nota_teste,com_pag_realizado,com_aln_pes_id) VALUES (37,TO_DATE('10/03/2020','mm/dd/yyyy'),TO_DATE('04/08/2021','mm/dd/yy'),10,'F',2);
INSERT INTO COMPRAS_CURSOS (com_cur_id,com_dt_ultimo_acesso,com_dt_compra,com_nota_teste,com_pag_realizado,com_aln_pes_id) VALUES (17,TO_DATE('12/12/2020','mm/dd/yyyy'),TO_DATE('12/18/2021','mm/dd/yy'),6,'T',15);
INSERT INTO COMPRAS_CURSOS (com_cur_id,com_dt_ultimo_acesso,com_dt_compra,com_nota_teste,com_pag_realizado,com_aln_pes_id) VALUES (5,TO_DATE('10/03/2020','mm/dd/yyyy'),TO_DATE('08/17/2021','mm/dd/yy'),10,'T',2);
INSERT INTO COMPRAS_CURSOS (com_cur_id,com_dt_ultimo_acesso,com_dt_compra,com_nota_teste,com_pag_realizado,com_aln_pes_id) VALUES (33,TO_DATE('05/14/2020','mm/dd/yyyy'),TO_DATE('02/03/2021','mm/dd/yy'),1,'F',4);
INSERT INTO COMPRAS_CURSOS (com_cur_id,com_dt_ultimo_acesso,com_dt_compra,com_nota_teste,com_pag_realizado,com_aln_pes_id) VALUES (42,TO_DATE('03/26/2020','mm/dd/yyyy'),TO_DATE('03/10/2021','mm/dd/yy'),4,'T',16);
INSERT INTO COMPRAS_CURSOS (com_cur_id,com_dt_ultimo_acesso,com_dt_compra,com_nota_teste,com_pag_realizado,com_aln_pes_id) VALUES (40,TO_DATE('04/18/2020','mm/dd/yyyy'),TO_DATE('11/17/2021','mm/dd/yy'),6,'T',7);
INSERT INTO COMPRAS_CURSOS (com_cur_id,com_dt_ultimo_acesso,com_dt_compra,com_nota_teste,com_pag_realizado,com_aln_pes_id) VALUES (26,TO_DATE('04/26/2020','mm/dd/yyyy'),TO_DATE('10/17/2021','mm/dd/yy'),5,'F',16);
INSERT INTO COMPRAS_CURSOS (com_cur_id,com_dt_ultimo_acesso,com_dt_compra,com_nota_teste,com_pag_realizado,com_aln_pes_id) VALUES (31,TO_DATE('11/18/2020','mm/dd/yyyy'),TO_DATE('02/17/2021','mm/dd/yy'),2,'F',15);
INSERT INTO COMPRAS_CURSOS (com_cur_id,com_dt_ultimo_acesso,com_dt_compra,com_nota_teste,com_pag_realizado,com_aln_pes_id) VALUES (33,TO_DATE('03/14/2020','mm/dd/yyyy'),TO_DATE('04/30/2021','mm/dd/yy'),1,'T',17);
INSERT INTO COMPRAS_CURSOS (com_cur_id,com_dt_ultimo_acesso,com_dt_compra,com_nota_teste,com_pag_realizado,com_aln_pes_id) VALUES (34,TO_DATE('05/06/2020','mm/dd/yyyy'),TO_DATE('02/19/2021','mm/dd/yy'),3,'T',5);
INSERT INTO COMPRAS_CURSOS (com_cur_id,com_dt_ultimo_acesso,com_dt_compra,com_nota_teste,com_pag_realizado,com_aln_pes_id) VALUES (23,TO_DATE('03/28/2020','mm/dd/yyyy'),TO_DATE('01/26/2022','mm/dd/yy'),4,'F',1);
INSERT INTO COMPRAS_CURSOS (com_cur_id,com_dt_ultimo_acesso,com_dt_compra,com_nota_teste,com_pag_realizado,com_aln_pes_id) VALUES (17,TO_DATE('07/23/2020','mm/dd/yyyy'),TO_DATE('07/17/2021','mm/dd/yy'),3,'T',17);
INSERT INTO COMPRAS_CURSOS (com_cur_id,com_dt_ultimo_acesso,com_dt_compra,com_nota_teste,com_pag_realizado,com_aln_pes_id) VALUES (26,TO_DATE('04/20/2020','mm/dd/yyyy'),TO_DATE('11/09/2021','mm/dd/yy'),5,'F',15);
INSERT INTO COMPRAS_CURSOS (com_cur_id,com_dt_ultimo_acesso,com_dt_compra,com_nota_teste,com_pag_realizado,com_aln_pes_id) VALUES (2,TO_DATE('08/26/2020','mm/dd/yyyy'),TO_DATE('01/16/2022','mm/dd/yy'),10,'F',3);
INSERT INTO COMPRAS_CURSOS (com_cur_id,com_dt_ultimo_acesso,com_dt_compra,com_nota_teste,com_pag_realizado,com_aln_pes_id) VALUES (44,TO_DATE('07/25/2020','mm/dd/yyyy'),TO_DATE('01/17/2022','mm/dd/yy'),8,'F',2);
INSERT INTO COMPRAS_CURSOS (com_cur_id,com_dt_ultimo_acesso,com_dt_compra,com_nota_teste,com_pag_realizado,com_aln_pes_id) VALUES (1,TO_DATE('12/09/2020','mm/dd/yyyy'),TO_DATE('03/26/2021','mm/dd/yy'),2,'T',1);
INSERT INTO COMPRAS_CURSOS (com_cur_id,com_dt_ultimo_acesso,com_dt_compra,com_nota_teste,com_pag_realizado,com_aln_pes_id) VALUES (46,TO_DATE('04/30/2020','mm/dd/yyyy'),TO_DATE('06/16/2021','mm/dd/yy'),2,'F',1);
INSERT INTO COMPRAS_CURSOS (com_cur_id,com_dt_ultimo_acesso,com_dt_compra,com_nota_teste,com_pag_realizado,com_aln_pes_id) VALUES (5,TO_DATE('12/25/2020','mm/dd/yyyy'),TO_DATE('01/26/2022','mm/dd/yy'),7,'T',9);
INSERT INTO COMPRAS_CURSOS (com_cur_id,com_dt_ultimo_acesso,com_dt_compra,com_nota_teste,com_pag_realizado,com_aln_pes_id) VALUES (31,TO_DATE('04/26/2020','mm/dd/yyyy'),TO_DATE('02/17/2022','mm/dd/yy'),8,'F',3);

--Acessos_Colaboradores_Cursos
INSERT INTO ACESSOS_COLABORADORES_CURSOS (ass_cur_id,ass_dt_acesso,ass_clb_pes_id) VALUES (28,TO_DATE('05/30/2019','mm/dd/yyyy'),41);
INSERT INTO ACESSOS_COLABORADORES_CURSOS (ass_cur_id,ass_dt_acesso,ass_clb_pes_id) VALUES (9,TO_DATE('07/20/2020','mm/dd/yyyy'),41);
INSERT INTO ACESSOS_COLABORADORES_CURSOS (ass_cur_id,ass_dt_acesso,ass_clb_pes_id) VALUES (18,TO_DATE('11/18/2019','mm/dd/yyyy'),50);
INSERT INTO ACESSOS_COLABORADORES_CURSOS (ass_cur_id,ass_dt_acesso,ass_clb_pes_id) VALUES (29,TO_DATE('04/23/2020','mm/dd/yyyy'),44);
INSERT INTO ACESSOS_COLABORADORES_CURSOS (ass_cur_id,ass_dt_acesso,ass_clb_pes_id) VALUES (48,TO_DATE('02/27/2020','mm/dd/yyyy'),39);
INSERT INTO ACESSOS_COLABORADORES_CURSOS (ass_cur_id,ass_dt_acesso,ass_clb_pes_id) VALUES (45,TO_DATE('09/11/2019','mm/dd/yyyy'),36);
INSERT INTO ACESSOS_COLABORADORES_CURSOS (ass_cur_id,ass_dt_acesso,ass_clb_pes_id) VALUES (35,TO_DATE('06/19/2020','mm/dd/yyyy'),45);
INSERT INTO ACESSOS_COLABORADORES_CURSOS (ass_cur_id,ass_dt_acesso,ass_clb_pes_id) VALUES (7,TO_DATE('05/07/2020','mm/dd/yyyy'),49);
INSERT INTO ACESSOS_COLABORADORES_CURSOS (ass_cur_id,ass_dt_acesso,ass_clb_pes_id) VALUES (45,TO_DATE('09/28/2019','mm/dd/yyyy'),42);
INSERT INTO ACESSOS_COLABORADORES_CURSOS (ass_cur_id,ass_dt_acesso,ass_clb_pes_id) VALUES (24,TO_DATE('01/17/2020','mm/dd/yyyy'),43);
INSERT INTO ACESSOS_COLABORADORES_CURSOS (ass_cur_id,ass_dt_acesso,ass_clb_pes_id) VALUES (28,TO_DATE('06/04/2020','mm/dd/yyyy'),39);
INSERT INTO ACESSOS_COLABORADORES_CURSOS (ass_cur_id,ass_dt_acesso,ass_clb_pes_id) VALUES (33,TO_DATE('08/05/2019','mm/dd/yyyy'),37);
INSERT INTO ACESSOS_COLABORADORES_CURSOS (ass_cur_id,ass_dt_acesso,ass_clb_pes_id) VALUES (47,TO_DATE('07/28/2019','mm/dd/yyyy'),37);
INSERT INTO ACESSOS_COLABORADORES_CURSOS (ass_cur_id,ass_dt_acesso,ass_clb_pes_id) VALUES (46,TO_DATE('01/08/2020','mm/dd/yyyy'),48);
INSERT INTO ACESSOS_COLABORADORES_CURSOS (ass_cur_id,ass_dt_acesso,ass_clb_pes_id) VALUES (31,TO_DATE('12/25/2019','mm/dd/yyyy'),50);
INSERT INTO ACESSOS_COLABORADORES_CURSOS (ass_cur_id,ass_dt_acesso,ass_clb_pes_id) VALUES (45,TO_DATE('09/13/2019','mm/dd/yyyy'),45);
INSERT INTO ACESSOS_COLABORADORES_CURSOS (ass_cur_id,ass_dt_acesso,ass_clb_pes_id) VALUES (6,TO_DATE('12/20/2020','mm/dd/yyyy'),44);
INSERT INTO ACESSOS_COLABORADORES_CURSOS (ass_cur_id,ass_dt_acesso,ass_clb_pes_id) VALUES (47,TO_DATE('11/27/2020','mm/dd/yyyy'),38);
INSERT INTO ACESSOS_COLABORADORES_CURSOS (ass_cur_id,ass_dt_acesso,ass_clb_pes_id) VALUES (23,TO_DATE('10/21/2019','mm/dd/yyyy'),37);
INSERT INTO ACESSOS_COLABORADORES_CURSOS (ass_cur_id,ass_dt_acesso,ass_clb_pes_id) VALUES (16,TO_DATE('03/30/2020','mm/dd/yyyy'),47);
INSERT INTO ACESSOS_COLABORADORES_CURSOS (ass_cur_id,ass_dt_acesso,ass_clb_pes_id) VALUES (36,TO_DATE('10/17/2019','mm/dd/yyyy'),40);
INSERT INTO ACESSOS_COLABORADORES_CURSOS (ass_cur_id,ass_dt_acesso,ass_clb_pes_id) VALUES (5,TO_DATE('01/25/2020','mm/dd/yyyy'),39);
INSERT INTO ACESSOS_COLABORADORES_CURSOS (ass_cur_id,ass_dt_acesso,ass_clb_pes_id) VALUES (49,TO_DATE('04/23/2020','mm/dd/yyyy'),42);
INSERT INTO ACESSOS_COLABORADORES_CURSOS (ass_cur_id,ass_dt_acesso,ass_clb_pes_id) VALUES (2,TO_DATE('01/27/2020','mm/dd/yyyy'),47);
INSERT INTO ACESSOS_COLABORADORES_CURSOS (ass_cur_id,ass_dt_acesso,ass_clb_pes_id) VALUES (32,TO_DATE('10/27/2020','mm/dd/yyyy'),41);
INSERT INTO ACESSOS_COLABORADORES_CURSOS (ass_cur_id,ass_dt_acesso,ass_clb_pes_id) VALUES (39,TO_DATE('06/18/2020','mm/dd/yyyy'),46);
INSERT INTO ACESSOS_COLABORADORES_CURSOS (ass_cur_id,ass_dt_acesso,ass_clb_pes_id) VALUES (39,TO_DATE('07/01/2019','mm/dd/yyyy'),47);
INSERT INTO ACESSOS_COLABORADORES_CURSOS (ass_cur_id,ass_dt_acesso,ass_clb_pes_id) VALUES (49,TO_DATE('05/15/2019','mm/dd/yyyy'),40);
INSERT INTO ACESSOS_COLABORADORES_CURSOS (ass_cur_id,ass_dt_acesso,ass_clb_pes_id) VALUES (16,TO_DATE('03/10/2020','mm/dd/yyyy'),43);
INSERT INTO ACESSOS_COLABORADORES_CURSOS (ass_cur_id,ass_dt_acesso,ass_clb_pes_id) VALUES (33,TO_DATE('12/14/2019','mm/dd/yyyy'),39);
INSERT INTO ACESSOS_COLABORADORES_CURSOS (ass_cur_id,ass_dt_acesso,ass_clb_pes_id) VALUES (36,TO_DATE('04/16/2020','mm/dd/yyyy'),49);
INSERT INTO ACESSOS_COLABORADORES_CURSOS (ass_cur_id,ass_dt_acesso,ass_clb_pes_id) VALUES (45,TO_DATE('10/07/2019','mm/dd/yyyy'),39);
INSERT INTO ACESSOS_COLABORADORES_CURSOS (ass_cur_id,ass_dt_acesso,ass_clb_pes_id) VALUES (6,TO_DATE('06/04/2020','mm/dd/yyyy'),45);
INSERT INTO ACESSOS_COLABORADORES_CURSOS (ass_cur_id,ass_dt_acesso,ass_clb_pes_id) VALUES (2,TO_DATE('05/07/2020','mm/dd/yyyy'),47);
INSERT INTO ACESSOS_COLABORADORES_CURSOS (ass_cur_id,ass_dt_acesso,ass_clb_pes_id) VALUES (34,TO_DATE('06/02/2020','mm/dd/yyyy'),43);
INSERT INTO ACESSOS_COLABORADORES_CURSOS (ass_cur_id,ass_dt_acesso,ass_clb_pes_id) VALUES (2,TO_DATE('02/02/2020','mm/dd/yyyy'),43);
INSERT INTO ACESSOS_COLABORADORES_CURSOS (ass_cur_id,ass_dt_acesso,ass_clb_pes_id) VALUES (28,TO_DATE('12/31/2019','mm/dd/yyyy'),45);
INSERT INTO ACESSOS_COLABORADORES_CURSOS (ass_cur_id,ass_dt_acesso,ass_clb_pes_id) VALUES (37,TO_DATE('09/23/2020','mm/dd/yyyy'),44);
INSERT INTO ACESSOS_COLABORADORES_CURSOS (ass_cur_id,ass_dt_acesso,ass_clb_pes_id) VALUES (43,TO_DATE('05/22/2020','mm/dd/yyyy'),47);
INSERT INTO ACESSOS_COLABORADORES_CURSOS (ass_cur_id,ass_dt_acesso,ass_clb_pes_id) VALUES (9,TO_DATE('04/07/2020','mm/dd/yyyy'),47);
INSERT INTO ACESSOS_COLABORADORES_CURSOS (ass_cur_id,ass_dt_acesso,ass_clb_pes_id) VALUES (1,TO_DATE('08/30/2019','mm/dd/yyyy'),42);
INSERT INTO ACESSOS_COLABORADORES_CURSOS (ass_cur_id,ass_dt_acesso,ass_clb_pes_id) VALUES (47,TO_DATE('08/17/2019','mm/dd/yyyy'),39);
INSERT INTO ACESSOS_COLABORADORES_CURSOS (ass_cur_id,ass_dt_acesso,ass_clb_pes_id) VALUES (7,TO_DATE('10/07/2019','mm/dd/yyyy'),50);
INSERT INTO ACESSOS_COLABORADORES_CURSOS (ass_cur_id,ass_dt_acesso,ass_clb_pes_id) VALUES (3,TO_DATE('06/05/2020','mm/dd/yyyy'),50);
INSERT INTO ACESSOS_COLABORADORES_CURSOS (ass_cur_id,ass_dt_acesso,ass_clb_pes_id) VALUES (45,TO_DATE('11/25/2019','mm/dd/yyyy'),41);
INSERT INTO ACESSOS_COLABORADORES_CURSOS (ass_cur_id,ass_dt_acesso,ass_clb_pes_id) VALUES (16,TO_DATE('10/26/2020','mm/dd/yyyy'),44);
INSERT INTO ACESSOS_COLABORADORES_CURSOS (ass_cur_id,ass_dt_acesso,ass_clb_pes_id) VALUES (14,TO_DATE('04/07/2020','mm/dd/yyyy'),49);
INSERT INTO ACESSOS_COLABORADORES_CURSOS (ass_cur_id,ass_dt_acesso,ass_clb_pes_id) VALUES (42,TO_DATE('12/02/2019','mm/dd/yyyy'),45);
INSERT INTO ACESSOS_COLABORADORES_CURSOS (ass_cur_id,ass_dt_acesso,ass_clb_pes_id) VALUES (18,TO_DATE('05/25/2019','mm/dd/yyyy'),46);
INSERT INTO ACESSOS_COLABORADORES_CURSOS (ass_cur_id,ass_dt_acesso,ass_clb_pes_id) VALUES (5,TO_DATE('11/21/2020','mm/dd/yyyy'),36);